id,description
1,emerald hexagons scattered on a charcoal grid
2,sunset-orange waves intersecting with navy diamonds
3,a cobalt spiral composed of overlapping translucent discs
4,mustard-yellow zigzags above a slate-blue baseline
5,lime-green polka dots on a deep violet rectangle
6,a pyramid of brushed copper squares and turquoise rings
7,neon-pink chevrons layered over matte black stripes
8,a tessellation of mint triangles and coral circles
9,golden honeycomb cells with indigo borders
10,a radial burst of sapphire spikes on a pearl-gray field
11,emerald hexagons arranged in a honeycomb pattern on a charcoal background
12,golden zigzag stripes alternating with matte black bands
13,a cobalt blue sphere nested inside a perforated silver cube
14,lime green chevrons overlapping dusty pink diamonds
15,a stacked tower of burnt umber cylinders with slate gray rings
16,neon yellow polka dots scattered across a deep violet field
17,a grid of indigo parallelograms interlaced with copper wire
18,turquoise waves intersecting with crisp white triangles
19,a tiled mosaic of scarlet squares and olive green circles
20,frosted glass panels etched with jagged obsidian lines
21,emerald hexagons floating on a slate gray background
22,sunburst yellow circles nested inside indigo squares
23,charcoal zigzags intersecting with mint green diagonals
24,a honeycomb grid of burnt sienna and cream
25,cobalt blue triangles arranged in a radial pattern
26,a staggered stack of olive drab rectangles and pearl ovals
27,ruby red diamonds scattered on a brushed aluminum surface
28,a tessellation of lavender parallelograms and ochre dots
29,neon pink chevrons layered over matte black stripes
30,a lattice of copper wires woven through turquoise rings
31,emerald hexagons tessellating on a charcoal background
32,golden zigzags intersecting with navy parallelograms
33,lime green polka dots scattered across a slate gray rectangle
34,indigo chevrons layered over a peach diamond grid
35,copper wire coils tangled with matte black spheres
36,turquoise waves striped with deep violet lines
37,crimson ellipses floating on a translucent mint field
38,ochre squares stacked in an offset checkerboard
39,silver filigree woven through cobalt triangles
40,mustard yellow concentric circles pierced by jagged ebony spikes
41,emerald hexagons floating on a charcoal grid
42,sunset-orange stripes alternating with matte black bands
43,a cobalt blue sphere nested inside a golden wireframe cube
44,lime-green chevrons marching across a slate-gray background
45,a brushed aluminum disc with radial indigo grooves
46,neon-pink parallelograms stacked like a staggered fence
47,a perforated turquoise circle overlaid on a saffron square
48,interlocking burnt-umber triangles forming a tessellation
49,a matte white crescent cradling a cluster of tiny silver dots
50,a zigzagging ruby-red line bisecting a field of pearlescent tiles
51,sunset-orange stripes alternating with slate-gray diagonals
52,a cobalt spiral dotted with pearl-white circles
53,mustard-yellow chevrons layered over a mint-green backdrop
54,a copper wireframe cube wrapped in translucent violet mesh
55,turquoise scallops bordering a deep indigo rectangle
56,a tessellation of olive-green trapezoids and burnt-sienna diamonds
57,neon-pink zigzags intersecting with matte-black curves
58,a honeycomb of ochre and pale-lilac cells
59,silver starbursts scattered across a navy-blue semicircle
60,charcoal zigzags crossing a pale peach grid
61,cobalt blue stripes alternating with matte gold bands
62,lime green chevrons layered over a frosted glass pane
63,rust-red diamonds scattered on a khaki canvas
64,neon pink ellipses intersecting with jet-black lines
65,turquoise waves frozen in a silver wireframe
66,ochre triangles stacked into a translucent pyramid
67,deep violet polka dots on a brushed aluminum surface
68,golden zigzags intersecting with navy blue circles
69,lime green stripes alternating with matte black rectangles
70,a cobalt spiral dotted with tiny silver squares
71,ruby red diamonds stacked atop slate gray parallelograms
72,sunburst yellow chevrons radiating from a deep indigo center
73,turquoise waves interlocked with sandy beige trapezoids
74,a grid of olive green squares outlined in burnt orange
75,lavender honeycomb cells filled with pearl white dots
76,a cluster of mint triangles floating on a rust-colored field
77,a grid of lime green hexagons on a charcoal background
78,navy blue polka dots scattered across a cream canvas
79,a spiraling tower of golden rectangles and cobalt triangles
80,emerald stripes alternating with matte black bands
81,a cluster of ruby diamonds embedded in a slate gray square
82,turquoise waves intersecting with jagged silver lines
83,a mosaic of burnt orange circles and olive green squares
84,a radial pattern of violet chevrons on a pale yellow base
85,a staggered stack of indigo trapezoids and pearl white ovals
86,a honeycomb lattice filled with mustard yellow and brick red
87,a zigzag pattern of emerald triangles on a charcoal background
88,neon pink hexagons scattered across a matte black field
89,golden concentric circles with dotted turquoise borders
90,a staggered grid of slate blue parallelograms and ivory diamonds
91,crimson chevrons interlaced with silver vertical stripes
92,a radial burst of sapphire trapezoids on a pale yellow base
93,moss green squares overlaid with translucent amber diagonals
94,a tessellation of burnt orange and navy pentagons
95,lime polka dots on a deep violet elliptical path
96,a honeycomb lattice filled with alternating cobalt and pearl rectangles
