id,svg
10,"<svg xmlns=""http://www.w3.org/2000/svg"" viewBox=""0 0 256 256"" width=""256"" height=""256""><circle cx=""128"" cy=""128"" r=""100"" fill=""red"" stroke=""darkred"" stroke-width=""4""/><rect x=""78"" y=""78"" width=""100"" height=""100"" fill=""blue"" stroke=""darkblue"" stroke-width=""3""/></svg>"
11,"<svg xmlns=""http://www.w3.org/2000/svg"" viewBox=""0 0 256 256"" width=""256"" height=""256""><circle cx=""128"" cy=""128"" r=""100"" fill=""#ff0000"" stroke=""#000000"" stroke-width=""2""/><rect x=""78"" y=""78"" width=""100"" height=""100"" fill=""#0000ff"" stroke=""#000000"" stroke-width=""2""/></svg>"
16,"<svg xmlns=""http://www.w3.org/2000/svg"" viewBox=""0 0 256 256"" width=""256"" height=""256""><defs><linearGradient id=""circleGradient"" x1=""0%"" y1=""0%"" x2=""100%"" y2=""100%""><stop offset=""0%"" stop-color=""#ff3333""/><stop offset=""100%"" stop-color=""#cc0000""/></linearGradient><linearGradient id=""squareGradient"" x1=""0%"" y1=""0%"" x2=""100%"" y2=""100%""><stop offset=""0%"" stop-color=""#6666ff""/><stop offset=""100%"" stop-color=""#0000cc""/></linearGradient></defs><circle cx=""128"" cy=""128"" r=""100"" fill=""url(#circleGradient)"" stroke=""#990000"" stroke-width=""4""/><rect x=""78"" y=""78"" width=""100"" height=""100"" fill=""url(#squareGradient)"" stroke=""#000099"" stroke-width=""3"" rx=""8""/></svg>"
7,"<svg xmlns=""http://www.w3.org/2000/svg"" viewBox=""0 0 256 256"" width=""256"" height=""256""><defs><linearGradient id=""redGradient"" x1=""0%"" y1=""0%"" x2=""100%"" y2=""100%""><stop offset=""0%"" stop-color=""#ff0000""/><stop offset=""100%"" stop-color=""#cc0000""/></linearGradient><linearGradient id=""blueGradient"" x1=""0%"" y1=""0%"" x2=""100%"" y2=""100%""><stop offset=""0%"" stop-color=""#0000ff""/><stop offset=""100%"" stop-color=""#0000cc""/></linearGradient></defs><circle cx=""128"" cy=""128"" r=""100"" fill=""url(#redGradient)"" stroke=""#990000"" stroke-width=""4""/><rect x=""78"" y=""78"" width=""100"" height=""100"" fill=""url(#blueGradient)"" stroke=""#000099"" stroke-width=""4""/></svg>"
3,"<svg xmlns=""http://www.w3.org/2000/svg"" viewBox=""0 0 256 256"" width=""256"" height=""256""><defs><linearGradient id=""circleGradient"" x1=""0%"" y1=""0%"" x2=""100%"" y2=""100%""><stop offset=""0%"" stop-color=""#ff0000""/><stop offset=""100%"" stop-color=""#cc0000""/></linearGradient><linearGradient id=""squareGradient"" x1=""0%"" y1=""0%"" x2=""100%"" y2=""100%""><stop offset=""0%"" stop-color=""#0000ff""/><stop offset=""100%"" stop-color=""#0000cc""/></linearGradient></defs><circle cx=""128"" cy=""128"" r=""100"" fill=""url(#circleGradient)"" stroke=""#990000"" stroke-width=""4""/><rect x=""78"" y=""78"" width=""100"" height=""100"" fill=""url(#squareGradient)"" stroke=""#000099"" stroke-width=""2""/></svg>"
5,"<svg xmlns=""http://www.w3.org/2000/svg"" viewBox=""0 0 256 256"" width=""256"" height=""256""><defs><linearGradient id=""circleGradient"" x1=""0%"" y1=""0%"" x2=""100%"" y2=""100%""><stop offset=""0%"" stop-color=""#ff0000""/><stop offset=""100%"" stop-color=""#cc0000""/></linearGradient><linearGradient id=""squareGradient"" x1=""0%"" y1=""0%"" x2=""100%"" y2=""100%""><stop offset=""0%"" stop-color=""#0000ff""/><stop offset=""100%"" stop-color=""#0000cc""/></linearGradient></defs><g transform=""translate(128, 128)""><circle cx=""0"" cy=""0"" r=""60"" fill=""url(#circleGradient)"" stroke=""#990000"" stroke-width=""2""/><rect x=""-30"" y=""-30"" width=""60"" height=""60"" fill=""url(#squareGradient)"" stroke=""#000099"" stroke-width=""2""/></g></svg>"
1,"<svg xmlns=""http://www.w3.org/2000/svg"" viewBox=""0 0 256 256"" width=""256"" height=""256""><defs><linearGradient id=""circleGradient"" x1=""0%"" y1=""0%"" x2=""100%"" y2=""100%""><stop offset=""0%"" stop-color=""#ff0000""/><stop offset=""100%"" stop-color=""#cc0000""/></linearGradient><linearGradient id=""squareGradient"" x1=""0%"" y1=""0%"" x2=""100%"" y2=""100%""><stop offset=""0%"" stop-color=""#0000ff""/><stop offset=""100%"" stop-color=""#0000cc""/></linearGradient></defs><circle cx=""128"" cy=""128"" r=""100"" fill=""url(#circleGradient)"" stroke=""#990000"" stroke-width=""4""/><rect x=""78"" y=""78"" width=""100"" height=""100"" fill=""url(#squareGradient)"" stroke=""#000099"" stroke-width=""3"" rx=""5""/></svg>"
8,"<svg xmlns=""http://www.w3.org/2000/svg"" viewBox=""0 0 256 256"" width=""256"" height=""256""><defs><radialGradient id=""circleGradient"" cx=""50%"" cy=""50%"" r=""50%"" fx=""50%"" fy=""50%""><stop offset=""0%"" stop-color=""#ff0000""/><stop offset=""100%"" stop-color=""#cc0000""/></radialGradient><linearGradient id=""squareGradient"" x1=""0%"" y1=""0%"" x2=""100%"" y2=""100%""><stop offset=""0%"" stop-color=""#0000ff""/><stop offset=""100%"" stop-color=""#0000cc""/></linearGradient></defs><circle cx=""128"" cy=""128"" r=""100"" fill=""url(#circleGradient)"" stroke=""#990000"" stroke-width=""4""/><rect x=""78"" y=""78"" width=""100"" height=""100"" fill=""url(#squareGradient)"" stroke=""#000099"" stroke-width=""4""/></svg>"
2,"<svg xmlns=""http://www.w3.org/2000/svg"" viewBox=""0 0 256 256"" width=""256"" height=""256""><defs><linearGradient id=""circleGradient"" x1=""0%"" y1=""0%"" x2=""100%"" y2=""100%""><stop offset=""0%"" stop-color=""#ff3333""/><stop offset=""100%"" stop-color=""#cc0000""/></linearGradient><linearGradient id=""squareGradient"" x1=""0%"" y1=""0%"" x2=""100%"" y2=""100%""><stop offset=""0%"" stop-color=""#6666ff""/><stop offset=""100%"" stop-color=""#0000cc""/></linearGradient></defs><g transform=""translate(128, 128)""><circle cx=""0"" cy=""0"" r=""80"" fill=""url(#circleGradient)"" stroke=""#990000"" stroke-width=""4""/><rect x=""-50"" y=""-50"" width=""100"" height=""100"" fill=""url(#squareGradient)"" stroke=""#000099"" stroke-width=""4""/></g></svg>"
12,"<svg xmlns=""http://www.w3.org/2000/svg"" viewBox=""0 0 256 256"" width=""256"" height=""256""><defs><linearGradient id=""circleGradient"" x1=""0%"" y1=""0%"" x2=""100%"" y2=""100%""><stop offset=""0%"" stop-color=""#ff3333""/><stop offset=""100%"" stop-color=""#cc0000""/></linearGradient><linearGradient id=""squareGradient"" x1=""0%"" y1=""0%"" x2=""100%"" y2=""100%""><stop offset=""0%"" stop-color=""#3333ff""/><stop offset=""100%"" stop-color=""#0000cc""/></linearGradient></defs><circle cx=""128"" cy=""128"" r=""100"" fill=""url(#circleGradient)"" stroke=""#990000"" stroke-width=""4""/><rect x=""78"" y=""78"" width=""100"" height=""100"" fill=""url(#squareGradient)"" stroke=""#000099"" stroke-width=""3""/></svg>"
14,"<svg xmlns=""http://www.w3.org/2000/svg"" viewBox=""0 0 256 256"" width=""256"" height=""256""><defs><linearGradient id=""circleGradient"" x1=""0%"" y1=""0%"" x2=""100%"" y2=""100%""><stop offset=""0%"" stop-color=""#ff3333""/><stop offset=""100%"" stop-color=""#cc0000""/></linearGradient><linearGradient id=""squareGradient"" x1=""0%"" y1=""0%"" x2=""100%"" y2=""100%""><stop offset=""0%"" stop-color=""#3333ff""/><stop offset=""100%"" stop-color=""#0000cc""/></linearGradient></defs><circle cx=""128"" cy=""128"" r=""100"" fill=""url(#circleGradient)"" stroke=""#990000"" stroke-width=""4"" opacity=""0.9""/><rect x=""78"" y=""78"" width=""100"" height=""100"" fill=""url(#squareGradient)"" stroke=""#000099"" stroke-width=""3"" opacity=""0.9""/></svg>"
4,"<svg viewBox=""0 0 400 300"" width=""400"" height=""300""><defs><linearGradient id=""skyGradient"" x1=""0"" y1=""0"" x2=""0"" y2=""1""><stop offset=""0%"" stop-color=""#FF6B6B""/><stop offset=""50%"" stop-color=""#FF8E53""/><stop offset=""100%"" stop-color=""#4ECDC4""/></linearGradient><linearGradient id=""oceanGradient"" x1=""0"" y1=""0"" x2=""0"" y2=""1""><stop offset=""0%"" stop-color=""#4ECDC4""/><stop offset=""100%"" stop-color=""#1A535C""/></linearGradient></defs><rect x=""0"" y=""0"" width=""400"" height=""200"" fill=""url(#skyGradient)""/><circle cx=""200"" cy=""150"" r=""40"" fill=""#FFE66D""/><rect x=""0"" y=""200"" width=""400"" height=""100"" fill=""url(#oceanGradient)""/><g fill=""#1A1A1A""><rect x=""50"" y=""180"" width=""8"" height=""60""/><polygon points=""30,180 78,180 54,140""/><polygon points=""40,160 68,160 54,130""/><rect x=""350"" y=""180"" width=""8"" height=""60""/><polygon points=""330,180 378,180 354,140""/><polygon points=""340,160 368,160 354,130""/></g><ellipse cx=""200"" cy=""200"" rx=""60"" ry=""15"" fill=""#FFE66D"" opacity=""0.6""/></svg>"
13,"<svg xmlns=""http://www.w3.org/2000/svg"" viewBox=""0 0 256 256"" width=""256"" height=""256""><defs><linearGradient id=""skyGradient"" x1=""0%"" y1=""0%"" x2=""0%"" y2=""100%""><stop offset=""0%"" stop-color=""#87CEEB""/><stop offset=""100%"" stop-color=""#1E90FF""/></linearGradient><radialGradient id=""sunGradient"" cx=""50%"" cy=""50%"" r=""50%"" fx=""50%"" fy=""50%""><stop offset=""0%"" stop-color=""#FFD700""/><stop offset=""100%"" stop-color=""#FF8C00""/></radialGradient></defs><rect width=""256"" height=""256"" fill=""url(#skyGradient)""/><circle cx=""64"" cy=""64"" r=""40"" fill=""url(#sunGradient)""/><polygon points=""0,256 80,160 160,200 256,120 256,256"" fill=""#2E8B57"" opacity=""0.8""/><polygon points=""0,256 40,180 120,220 200,140 256,180 256,256"" fill=""#228B22""/><ellipse cx=""128"" cy=""220"" rx=""100"" ry=""30"" fill=""#4682B4"" opacity=""0.7""/><g transform=""translate(40, 180) scale(0.8)""><rect x=""15"" y=""30"" width=""10"" height=""30"" fill=""#8B4513""/><polygon points=""20,0 0,30 40,30"" fill=""#006400""/></g><g transform=""translate(180, 170) scale(0.9)""><rect x=""15"" y=""30"" width=""10"" height=""30"" fill=""#8B4513""/><polygon points=""20,0 0,30 40,30"" fill=""#006400""/><polygon points=""20,10 5,25 35,25"" fill=""#006400""/></g><ellipse cx=""64"" cy=""220"" rx=""20"" ry=""5"" fill=""#FFD700"" opacity=""0.5""/></svg>"
20,"<svg viewBox=""0 0 256 256"" width=""256"" height=""256""><circle cx=""128"" cy=""128"" r=""60"" fill=""red""/><rect x=""98"" y=""98"" width=""60"" height=""60"" fill=""blue""/></svg>"
15,"<svg xmlns=""http://www.w3.org/2000/svg"" viewBox=""0 0 200 200"" width=""200"" height=""200""><defs><linearGradient id=""grad1"" x1=""0%"" y1=""0%"" x2=""100%"" y2=""100%""><stop offset=""0%"" stop-color=""#4b6cb7""/><stop offset=""100%"" stop-color=""#182848""/></linearGradient><radialGradient id=""grad2"" cx=""50%"" cy=""50%"" r=""50%"" fx=""50%"" fy=""50%""><stop offset=""0%"" stop-color=""#f5f7fa""/><stop offset=""100%"" stop-color=""#c3cfe2""/></radialGradient></defs><rect width=""200"" height=""200"" fill=""url(#grad1)""/><g transform=""translate(100, 100)""><circle cx=""0"" cy=""0"" r=""60"" fill=""url(#grad2)"" stroke=""#ffffff"" stroke-width=""2""/><polygon points=""-30,-30 30,-30 0,30"" fill=""#e74c3c"" opacity=""0.8"" transform=""rotate(30)""/><rect x=""-20"" y=""-20"" width=""40"" height=""40"" fill=""#2ecc71"" opacity=""0.8"" transform=""rotate(45)""/><line x1=""-50"" y1=""0"" x2=""50"" y2=""0"" stroke=""#f1c40f"" stroke-width=""3""/><line x1=""0"" y1=""-50"" x2=""0"" y2=""50"" stroke=""#f1c40f"" stroke-width=""3""/></g><ellipse cx=""160"" cy=""40"" rx=""20"" ry=""10"" fill=""#9b59b6"" opacity=""0.7"" transform=""rotate(-15, 160, 40)""/></svg>"
6,"<svg xmlns=""http://www.w3.org/2000/svg"" viewBox=""0 0 200 200"" width=""200"" height=""200""><defs><linearGradient id=""grad1"" x1=""0%"" y1=""0%"" x2=""100%"" y2=""100%""><stop offset=""0%"" stop-color=""#4b6cb7""/><stop offset=""100%"" stop-color=""#182848""/></linearGradient><radialGradient id=""grad2"" cx=""50%"" cy=""50%"" r=""50%"" fx=""50%"" fy=""50%""><stop offset=""0%"" stop-color=""#f5f7fa""/><stop offset=""100%"" stop-color=""#c3cfe2""/></radialGradient></defs><rect width=""200"" height=""200"" fill=""url(#grad1)""/><g transform=""translate(100, 100)""><circle cx=""0"" cy=""0"" r=""60"" fill=""url(#grad2)"" stroke=""#ffffff"" stroke-width=""3"" opacity=""0.9""/><polygon points=""-30,-30 30,-30 0,30"" fill=""#e1f5fe"" transform=""rotate(45)""/><g transform=""rotate(30)""><rect x=""-15"" y=""-15"" width=""30"" height=""30"" rx=""5"" fill=""#ff7043"" opacity=""0.8""/><line x1=""-25"" y1=""0"" x2=""25"" y2=""0"" stroke=""#ffffff"" stroke-width=""2""/><line x1=""0"" y1=""-25"" x2=""0"" y2=""25"" stroke=""#ffffff"" stroke-width=""2""/></g><ellipse cx=""0"" cy=""-80"" rx=""20"" ry=""10"" fill=""#f8bbd0"" opacity=""0.7""/><ellipse cx=""0"" cy=""80"" rx=""20"" ry=""10"" fill=""#f8bbd0"" opacity=""0.7""/><ellipse cx=""-80"" cy=""0"" rx=""10"" ry=""20"" fill=""#f8bbd0"" opacity=""0.7""/><ellipse cx=""80"" cy=""0"" rx=""10"" ry=""20"" fill=""#f8bbd0"" opacity=""0.7""/></g><polyline points=""20,20 50,50 80,30 110,70 140,40 170,90"" stroke=""#ffffff"" stroke-width=""2"" fill=""none"" opacity=""0.6""/></svg>"
9,"<svg xmlns=""http://www.w3.org/2000/svg"" viewBox=""0 0 200 200"" width=""200"" height=""200""><defs><linearGradient id=""skyGradient"" x1=""0%"" y1=""0%"" x2=""100%"" y2=""100%""><stop offset=""0%"" stop-color=""#87CEEB""/><stop offset=""100%"" stop-color=""#1E90FF""/></linearGradient><radialGradient id=""sunGradient"" cx=""50%"" cy=""50%"" r=""50%"" fx=""50%"" fy=""50%""><stop offset=""0%"" stop-color=""#FFD700""/><stop offset=""100%"" stop-color=""#FF8C00""/></radialGradient></defs><rect x=""0"" y=""0"" width=""200"" height=""200"" fill=""url(#skyGradient)""/><circle cx=""150"" cy=""50"" r=""30"" fill=""url(#sunGradient)""/><polygon points=""0,200 50,120 100,160 150,80 200,200"" fill=""#2E8B57"" opacity=""0.8""/><ellipse cx=""100"" cy=""180"" rx=""80"" ry=""30"" fill=""#4682B4"" opacity=""0.7""/><g transform=""translate(30, 130)""><rect x=""0"" y=""0"" width=""8"" height=""30"" fill=""#8B4513""/><polygon points=""-15,0 23,0 4,-40"" fill=""#228B22""/></g><g transform=""translate(70, 140)""><rect x=""0"" y=""0"" width=""6"" height=""25"" fill=""#8B4513""/><polygon points=""-12,0 18,0 3,-35"" fill=""#228B22""/></g><g opacity=""0.9""><ellipse cx=""40"" cy=""40"" rx=""20"" ry=""15"" fill=""white""/><ellipse cx=""60"" cy=""40"" rx=""15"" ry=""10"" fill=""white""/><ellipse cx=""30"" cy=""50"" rx=""10"" ry=""5"" fill=""white""/></g><g transform=""translate(100, 30)"" opacity=""0.9""><ellipse cx=""0"" cy=""0"" rx=""15"" ry=""10"" fill=""white""/><ellipse cx=""20"" cy=""0"" rx=""10"" ry=""7"" fill=""white""/><ellipse cx=""10"" cy=""10"" rx=""8"" ry=""5"" fill=""white""/></g></svg>"
17,"<svg xmlns=""http://www.w3.org/2000/svg"" viewBox=""0 0 256 256"" width=""256"" height=""256""><defs><linearGradient id=""circleGradient"" x1=""0%"" y1=""0%"" x2=""100%"" y2=""100%""><stop offset=""0%"" stop-color=""#ff3333""/><stop offset=""100%"" stop-color=""#cc0000""/></linearGradient><linearGradient id=""squareGradient"" x1=""0%"" y1=""0%"" x2=""100%"" y2=""100%""><stop offset=""0%"" stop-color=""#3333ff""/><stop offset=""100%"" stop-color=""#0000cc""/></linearGradient></defs><circle cx=""128"" cy=""128"" r=""100"" fill=""url(#circleGradient)"" stroke=""#990000"" stroke-width=""4""/><rect x=""78"" y=""78"" width=""100"" height=""100"" fill=""url(#squareGradient)"" stroke=""#000099"" stroke-width=""3""/></svg>"
22,"<svg xmlns=""http://www.w3.org/2000/svg"" viewBox=""0 0 256 256"" width=""256"" height=""256""><defs><linearGradient id=""redGradient"" x1=""0%"" y1=""0%"" x2=""100%"" y2=""100%""><stop offset=""0%"" stop-color=""#ff0000""/><stop offset=""100%"" stop-color=""#cc0000""/></linearGradient><linearGradient id=""blueGradient"" x1=""0%"" y1=""0%"" x2=""100%"" y2=""100%""><stop offset=""0%"" stop-color=""#0000ff""/><stop offset=""100%"" stop-color=""#0000cc""/></linearGradient></defs><circle cx=""128"" cy=""128"" r=""100"" fill=""url(#redGradient)"" stroke=""#990000"" stroke-width=""4""/><rect x=""78"" y=""78"" width=""100"" height=""100"" fill=""url(#blueGradient)"" stroke=""#000099"" stroke-width=""4""/></svg>"
18,"<svg xmlns=""http://www.w3.org/2000/svg"" viewBox=""0 0 256 256"" width=""256"" height=""256""><defs><linearGradient id=""circleGradient"" x1=""0%"" y1=""0%"" x2=""100%"" y2=""100%""><stop offset=""0%"" stop-color=""#ff3333""/><stop offset=""100%"" stop-color=""#cc0000""/></linearGradient><linearGradient id=""squareGradient"" x1=""0%"" y1=""0%"" x2=""100%"" y2=""100%""><stop offset=""0%"" stop-color=""#3333ff""/><stop offset=""100%"" stop-color=""#0000cc""/></linearGradient></defs><circle cx=""128"" cy=""128"" r=""100"" fill=""url(#circleGradient)"" stroke=""#990000"" stroke-width=""4""/><rect x=""78"" y=""78"" width=""100"" height=""100"" fill=""url(#squareGradient)"" stroke=""#000099"" stroke-width=""2""/></svg>"
30,"<svg viewBox=""0 0 256 256"" width=""256"" height=""256""><circle cx=""128"" cy=""128"" r=""60"" fill=""red""/><rect x=""98"" y=""98"" width=""60"" height=""60"" fill=""blue""/></svg>"
21,"<svg xmlns=""http://www.w3.org/2000/svg"" viewBox=""0 0 256 256"" width=""256"" height=""256""><defs><linearGradient id=""circleGradient"" x1=""0%"" y1=""0%"" x2=""100%"" y2=""100%""><stop offset=""0%"" stop-color=""#ff0000""/><stop offset=""100%"" stop-color=""#cc0000""/></linearGradient><linearGradient id=""squareGradient"" x1=""0%"" y1=""0%"" x2=""100%"" y2=""100%""><stop offset=""0%"" stop-color=""#0000ff""/><stop offset=""100%"" stop-color=""#0000cc""/></linearGradient></defs><circle cx=""128"" cy=""128"" r=""100"" fill=""url(#circleGradient)"" stroke=""#990000"" stroke-width=""4""/><rect x=""78"" y=""78"" width=""100"" height=""100"" fill=""url(#squareGradient)"" stroke=""#000099"" stroke-width=""4""/></svg>"
26,"<svg xmlns=""http://www.w3.org/2000/svg"" viewBox=""0 0 256 256"" width=""256"" height=""256""><defs><linearGradient id=""circleGradient"" x1=""0%"" y1=""0%"" x2=""100%"" y2=""100%""><stop offset=""0%"" stop-color=""#ff0000""/><stop offset=""100%"" stop-color=""#cc0000""/></linearGradient><linearGradient id=""squareGradient"" x1=""0%"" y1=""0%"" x2=""100%"" y2=""100%""><stop offset=""0%"" stop-color=""#0000ff""/><stop offset=""100%"" stop-color=""#0000cc""/></linearGradient></defs><circle cx=""128"" cy=""128"" r=""100"" fill=""url(#circleGradient)"" stroke=""#990000"" stroke-width=""4""/><rect x=""78"" y=""78"" width=""100"" height=""100"" fill=""url(#squareGradient)"" stroke=""#000099"" stroke-width=""2"" rx=""5""/></svg>"
28,"<svg xmlns=""http://www.w3.org/2000/svg"" viewBox=""0 0 256 256"" width=""256"" height=""256""><defs><linearGradient id=""circleGradient"" x1=""0%"" y1=""0%"" x2=""100%"" y2=""100%""><stop offset=""0%"" stop-color=""#ff0000""/><stop offset=""100%"" stop-color=""#cc0000""/></linearGradient><linearGradient id=""squareGradient"" x1=""0%"" y1=""0%"" x2=""100%"" y2=""100%""><stop offset=""0%"" stop-color=""#0000ff""/><stop offset=""100%"" stop-color=""#0000cc""/></linearGradient></defs><circle cx=""128"" cy=""128"" r=""100"" fill=""url(#circleGradient)"" stroke=""#990000"" stroke-width=""4""/><rect x=""78"" y=""78"" width=""100"" height=""100"" fill=""url(#squareGradient)"" stroke=""#000099"" stroke-width=""4""/></svg>"
19,"<svg xmlns=""http://www.w3.org/2000/svg"" viewBox=""0 0 200 200"" width=""200"" height=""200""><defs><linearGradient id=""gradient1"" x1=""0%"" y1=""0%"" x2=""100%"" y2=""100%""><stop offset=""0%"" stop-color=""#4b6cb7""/><stop offset=""100%"" stop-color=""#182848""/></linearGradient><radialGradient id=""gradient2"" cx=""50%"" cy=""50%"" r=""50%"" fx=""50%"" fy=""50%""><stop offset=""0%"" stop-color=""#ff7e5f""/><stop offset=""100%"" stop-color=""#feb47b""/></radialGradient></defs><rect x=""0"" y=""0"" width=""200"" height=""200"" fill=""url(#gradient1)""/><g transform=""translate(100, 100)""><circle cx=""0"" cy=""0"" r=""60"" fill=""url(#gradient2)"" stroke=""#ffffff"" stroke-width=""3""/><polygon points=""-30,-30 30,-30 0,30"" fill=""#ffffff"" opacity=""0.8""/></g><line x1=""20"" y1=""20"" x2=""180"" y2=""20"" stroke=""#ffffff"" stroke-width=""2"" opacity=""0.6""/><line x1=""20"" y1=""180"" x2=""180"" y2=""180"" stroke=""#ffffff"" stroke-width=""2"" opacity=""0.6""/><ellipse cx=""160"" cy=""40"" rx=""15"" ry=""10"" fill=""#ffffff"" opacity=""0.7""/></svg>"
32,"<svg xmlns=""http://www.w3.org/2000/svg"" viewBox=""0 0 256 256"" width=""256"" height=""256""><circle cx=""128"" cy=""128"" r=""100"" fill=""#ff0000"" stroke=""#000000"" stroke-width=""2""/><rect x=""78"" y=""78"" width=""100"" height=""100"" fill=""#0000ff"" stroke=""#000000"" stroke-width=""2""/></svg>"
23,"<svg viewBox=""0 0 800 600"" width=""800"" height=""600""><defs><linearGradient id=""skyGradient"" x1=""0"" y1=""0"" x2=""0"" y2=""1""><stop offset=""0%"" stop-color=""#ff7e5f""/><stop offset=""100%"" stop-color=""#feb47b""/></linearGradient><linearGradient id=""waterGradient"" x1=""0"" y1=""0"" x2=""0"" y2=""1""><stop offset=""0%"" stop-color=""#6dd5ed""/><stop offset=""100%"" stop-color=""#2193b0""/></linearGradient></defs><rect x=""0"" y=""0"" width=""800"" height=""300"" fill=""url(#skyGradient)""/><circle cx=""700"" cy=""100"" r=""50"" fill=""#ffcc00""/><polygon points=""0,300 200,100 400,300"" fill=""#5a3d2b""/><polygon points=""200,300 400,150 600,300"" fill=""#3a2718""/><polygon points=""400,300 600,200 800,300"" fill=""#2d1e12""/><rect x=""0"" y=""300"" width=""800"" height=""300"" fill=""url(#waterGradient)""/><polygon points=""0,300 200,500 400,300"" fill=""#5a3d2b"" opacity=""0.4""/><polygon points=""200,300 400,450 600,300"" fill=""#3a2718"" opacity=""0.4""/><polygon points=""400,300 600,400 800,300"" fill=""#2d1e12"" opacity=""0.4""/><ellipse cx=""700"" cy=""300"" rx=""60"" ry=""20"" fill=""#ffcc00"" opacity=""0.5""/></svg>"
27,"<svg viewBox=""0 0 800 500"" width=""800"" height=""500""><defs><linearGradient id=""skyGradient"" x1=""0"" y1=""0"" x2=""0"" y2=""1""><stop offset=""0%"" stop-color=""#FF7F50""/><stop offset=""100%"" stop-color=""#FF4500""/></linearGradient><linearGradient id=""waterGradient"" x1=""0"" y1=""0"" x2=""0"" y2=""1""><stop offset=""0%"" stop-color=""#4682B4""/><stop offset=""100%"" stop-color=""#1E90FF""/></linearGradient></defs><rect x=""0"" y=""0"" width=""800"" height=""500"" fill=""url(#skyGradient)""/><circle cx=""700"" cy=""100"" r=""60"" fill=""#FFD700""/><polygon points=""0,500 200,200 400,300 600,100 800,500"" fill=""#2F4F4F"" opacity=""0.8""/><polygon points=""0,500 100,300 300,400 500,200 800,500"" fill=""#556B2F"" opacity=""0.8""/><path d=""M0,400 Q200,350 400,400 Q600,450 800,400 L800,500 L0,500 Z"" fill=""url(#waterGradient)""/><path d=""M650,450 Q700,400 750,450"" stroke=""#FFD700"" stroke-width=""3"" fill=""none""/><path d=""M600,470 Q700,430 800,470"" stroke=""#FFD700"" stroke-width=""2"" fill=""none"" opacity=""0.7""/></svg>"
24,"<svg viewBox=""0 0 400 300"" width=""400"" height=""300""><defs><linearGradient id=""sky"" x1=""0"" y1=""0"" x2=""0"" y2=""1""><stop offset=""0%"" stop-color=""#FF6B6B""/><stop offset=""30%"" stop-color=""#FF8E53""/><stop offset=""60%"" stop-color=""#FFD166""/><stop offset=""100%"" stop-color=""#4ECDC4""/></linearGradient><linearGradient id=""ocean"" x1=""0"" y1=""0"" x2=""0"" y2=""1""><stop offset=""0%"" stop-color=""#4ECDC4""/><stop offset=""100%"" stop-color=""#1A535C""/></linearGradient></defs><rect x=""0"" y=""0"" width=""400"" height=""200"" fill=""url(#sky)""/><circle cx=""200"" cy=""150"" r=""40"" fill=""#FFD166""/><rect x=""0"" y=""200"" width=""400"" height=""100"" fill=""url(#ocean)""/><g fill=""#1A535C""><rect x=""50"" y=""150"" width=""10"" height=""50""/><polygon points=""30,150 80,150 55,120""/><polygon points=""40,130 70,130 55,100""/><rect x=""340"" y=""150"" width=""10"" height=""50""/><polygon points=""320,150 370,150 345,120""/><polygon points=""330,130 360,130 345,100""/></g><ellipse cx=""200"" cy=""200"" rx=""50"" ry=""15"" fill=""#FFD166"" opacity=""0.4""/><g fill=""none"" stroke=""#1A535C"" stroke-width=""2""><path d=""M0,220 Q50,210 100,220 T200,220 T300,220 T400,220"" opacity=""0.6""/><path d=""M0,240 Q50,230 100,240 T200,240 T300,240 T400,240"" opacity=""0.4""/></g></svg>"
25,"<svg xmlns=""http://www.w3.org/2000/svg"" viewBox=""0 0 200 200"" width=""200"" height=""200""><defs><linearGradient id=""grad1"" x1=""0%"" y1=""0%"" x2=""100%"" y2=""100%""><stop offset=""0%"" stop-color=""#4b6cb7""/><stop offset=""100%"" stop-color=""#182848""/></linearGradient><radialGradient id=""grad2"" cx=""50%"" cy=""50%"" r=""50%"" fx=""50%"" fy=""50%""><stop offset=""0%"" stop-color=""#f8ff00""/><stop offset=""100%"" stop-color=""#3ad59f""/></radialGradient></defs><rect width=""200"" height=""200"" fill=""url(#grad1)"" opacity=""0.9""/><g transform=""translate(100, 100)""><circle cx=""0"" cy=""0"" r=""40"" fill=""url(#grad2)"" stroke=""#ffffff"" stroke-width=""2""/><polygon points=""-30,-15 0,30 30,-15"" fill=""#ffffff"" opacity=""0.8"" transform=""rotate(30)""/><g transform=""rotate(45) translate(60, 0)""><rect x=""-10"" y=""-10"" width=""20"" height=""20"" fill=""#ff6b6b"" transform=""rotate(45)""/><line x1=""-15"" y1=""0"" x2=""15"" y2=""0"" stroke=""#ffffff"" stroke-width=""2""/><line x1=""0"" y1=""-15"" x2=""0"" y2=""15"" stroke=""#ffffff"" stroke-width=""2""/></g><g transform=""rotate(-45) translate(60, 0)""><ellipse cx=""0"" cy=""0"" rx=""12"" ry=""8"" fill=""#ffffff"" opacity=""0.7""/><line x1=""-12"" y1=""0"" x2=""12"" y2=""0"" stroke=""#ff6b6b"" stroke-width=""1.5""/></g></g><polyline points=""20,20 50,50 80,30 120,70 160,40 180,80"" fill=""none"" stroke=""#ffffff"" stroke-width=""1.5"" opacity=""0.6""/></svg>"
34,"<svg xmlns=""http://www.w3.org/2000/svg"" viewBox=""0 0 256 256"" width=""256"" height=""256""><defs><linearGradient id=""circleGradient"" x1=""0%"" y1=""0%"" x2=""100%"" y2=""100%""><stop offset=""0%"" stop-color=""#ff0000""/><stop offset=""100%"" stop-color=""#cc0000""/></linearGradient><linearGradient id=""squareGradient"" x1=""0%"" y1=""0%"" x2=""100%"" y2=""100%""><stop offset=""0%"" stop-color=""#0000ff""/><stop offset=""100%"" stop-color=""#0000cc""/></linearGradient></defs><circle cx=""128"" cy=""128"" r=""100"" fill=""url(#circleGradient)"" stroke=""#990000"" stroke-width=""4""/><rect x=""78"" y=""78"" width=""100"" height=""100"" fill=""url(#squareGradient)"" stroke=""#000099"" stroke-width=""4"" rx=""10""/></svg>"
29,"<svg viewBox=""0 0 800 600"" width=""800"" height=""600""><defs><linearGradient id=""sky"" x1=""0"" y1=""0"" x2=""0"" y2=""1""><stop offset=""0%"" stop-color=""#FF6B6B""/><stop offset=""50%"" stop-color=""#FF8E53""/><stop offset=""100%"" stop-color=""#4ECDC4""/></linearGradient><linearGradient id=""water"" x1=""0"" y1=""0"" x2=""0"" y2=""1""><stop offset=""0%"" stop-color=""#4ECDC4""/><stop offset=""100%"" stop-color=""#1A535C""/></linearGradient></defs><rect x=""0"" y=""0"" width=""800"" height=""600"" fill=""url(#sky)""/><polygon points=""0,300 200,100 400,250 600,50 800,300"" fill=""#556270"" opacity=""0.9""/><polygon points=""0,350 150,200 300,300 500,150 800,350"" fill=""#4ECDC4"" opacity=""0.7""/><circle cx=""650"" cy=""150"" r=""60"" fill=""#FFE66D""/><ellipse cx=""400"" cy=""550"" rx=""350"" ry=""100"" fill=""url(#water)""/><polygon points=""200,550 250,500 350,520 450,490 550,510 600,550"" fill=""#FFE66D"" opacity=""0.3""/></svg>"
39,"<svg xmlns=""http://www.w3.org/2000/svg"" viewBox=""0 0 256 256"" width=""256"" height=""256""><circle cx=""128"" cy=""128"" r=""100"" fill=""red"" stroke=""none""/><rect x=""78"" y=""78"" width=""100"" height=""100"" fill=""blue"" stroke=""none""/></svg>"
37,"<svg xmlns=""http://www.w3.org/2000/svg"" viewBox=""0 0 256 256"" width=""256"" height=""256""><defs><linearGradient id=""circleGradient"" x1=""0%"" y1=""0%"" x2=""100%"" y2=""100%""><stop offset=""0%"" stop-color=""#ff3333""/><stop offset=""100%"" stop-color=""#cc0000""/></linearGradient><linearGradient id=""squareGradient"" x1=""0%"" y1=""0%"" x2=""100%"" y2=""100%""><stop offset=""0%"" stop-color=""#3333ff""/><stop offset=""100%"" stop-color=""#0000cc""/></linearGradient></defs><circle cx=""128"" cy=""128"" r=""100"" fill=""url(#circleGradient)"" stroke=""#990000"" stroke-width=""4""/><rect x=""78"" y=""78"" width=""100"" height=""100"" fill=""url(#squareGradient)"" stroke=""#000099"" stroke-width=""4""/></svg>"
31,"<svg viewBox=""0 0 800 600"" width=""800"" height=""600""><defs><linearGradient id=""skyGradient"" x1=""0"" y1=""0"" x2=""0"" y2=""1""><stop offset=""0%"" stop-color=""#ff9966""/><stop offset=""50%"" stop-color=""#ff5e62""/><stop offset=""100%"" stop-color=""#8e2de2""/></linearGradient><linearGradient id=""waterGradient"" x1=""0"" y1=""0"" x2=""0"" y2=""1""><stop offset=""0%"" stop-color=""#8e2de2"" stop-opacity=""0.8""/><stop offset=""100%"" stop-color=""#4b6cb7"" stop-opacity=""0.5""/></linearGradient></defs><rect x=""0"" y=""0"" width=""800"" height=""600"" fill=""url(#skyGradient)""/><circle cx=""700"" cy=""150"" r=""60"" fill=""#ffcc33""/><polygon points=""0,300 150,150 300,250 450,100 600,200 800,50 800,300"" fill=""#4a2511"" opacity=""0.8""/><polygon points=""0,300 0,600 800,600 800,300 600,200 450,100 300,250 150,150"" fill=""url(#waterGradient)""/><polyline points=""150,150 180,200 210,180"" stroke=""#2c1609"" stroke-width=""3"" fill=""none""/><polyline points=""300,250 330,280 360,260"" stroke=""#2c1609"" stroke-width=""3"" fill=""none""/><polyline points=""450,100 480,150 510,130"" stroke=""#2c1609"" stroke-width=""3"" fill=""none""/><ellipse cx=""700"" cy=""350"" rx=""70"" ry=""20"" fill=""#ffcc33"" opacity=""0.6""/></svg>"
33,"<svg xmlns=""http://www.w3.org/2000/svg"" viewBox=""0 0 200 200"" width=""200"" height=""200""><defs><linearGradient id=""skyGradient"" x1=""0%"" y1=""0%"" x2=""100%"" y2=""100%""><stop offset=""0%"" stop-color=""#87CEEB""/><stop offset=""100%"" stop-color=""#1E90FF""/></linearGradient><radialGradient id=""sunGradient"" cx=""50%"" cy=""50%"" r=""50%"" fx=""50%"" fy=""50%""><stop offset=""0%"" stop-color=""#FFD700""/><stop offset=""100%"" stop-color=""#FF8C00""/></radialGradient></defs><rect width=""200"" height=""200"" fill=""url(#skyGradient)""/><circle cx=""150"" cy=""50"" r=""30"" fill=""url(#sunGradient)""/><g transform=""translate(0, 120)""><polygon points=""0,80 50,30 100,80 150,30 200,80 200,200 0,200"" fill=""#2E8B57""/><rect x=""20"" y=""40"" width=""20"" height=""40"" fill=""#8B4513""/><polygon points=""30,0 50,0 40,-30"" fill=""#228B22""/></g><ellipse cx=""50"" cy=""100"" rx=""20"" ry=""10"" fill=""#FFFFFF"" opacity=""0.8""/><ellipse cx=""80"" cy=""90"" rx=""15"" ry=""7"" fill=""#FFFFFF"" opacity=""0.8""/><ellipse cx=""120"" cy=""70"" rx=""25"" ry=""12"" fill=""#FFFFFF"" opacity=""0.8""/></svg>"
36,"<svg viewBox=""0 0 200 200"" width=""200"" height=""200""><defs><linearGradient id=""grad1"" x1=""0%"" y1=""0%"" x2=""100%"" y2=""100%""><stop offset=""0%"" stop-color=""#4a6fa5""/><stop offset=""100%"" stop-color=""#166088""/></linearGradient><radialGradient id=""grad2"" cx=""50%"" cy=""50%"" r=""50%"" fx=""50%"" fy=""50%""><stop offset=""0%"" stop-color=""#ff7e5f""/><stop offset=""100%"" stop-color=""#feb47b""/></radialGradient></defs><rect x=""0"" y=""0"" width=""200"" height=""200"" fill=""url(#grad1)""/><g transform=""translate(100, 100)""><circle cx=""0"" cy=""0"" r=""60"" fill=""url(#grad2)"" opacity=""0.9""/><polygon points=""-40,-20 0,-50 40,-20 40,20 0,50 -40,20"" fill=""#ffffff"" stroke=""#166088"" stroke-width=""2""/><g transform=""rotate(45)""><rect x=""-15"" y=""-15"" width=""30"" height=""30"" fill=""#ffcb77"" opacity=""0.8""/><line x1=""-25"" y1=""0"" x2=""25"" y2=""0"" stroke=""#166088"" stroke-width=""2""/><line x1=""0"" y1=""-25"" x2=""0"" y2=""25"" stroke=""#166088"" stroke-width=""2""/></g></g><ellipse cx=""160"" cy=""40"" rx=""20"" ry=""10"" fill=""#feb47b"" opacity=""0.7""/><ellipse cx=""40"" cy=""160"" rx=""10"" ry=""20"" fill=""#feb47b"" opacity=""0.7""/></svg>"
35,"<svg viewBox=""0 0 200 200"" width=""200"" height=""200""><defs><linearGradient id=""grad1"" x1=""0%"" y1=""0%"" x2=""100%"" y2=""100%""><stop offset=""0%"" stop-color=""#4a6fa5""/><stop offset=""100%"" stop-color=""#166088""/></linearGradient><radialGradient id=""grad2"" cx=""50%"" cy=""50%"" r=""50%"" fx=""50%"" fy=""50%""><stop offset=""0%"" stop-color=""#ff9a8b""/><stop offset=""100%"" stop-color=""#ff6b95""/></radialGradient></defs><rect x=""0"" y=""0"" width=""200"" height=""200"" fill=""url(#grad1)""/><g transform=""translate(100, 100)""><circle cx=""0"" cy=""0"" r=""50"" fill=""url(#grad2)"" opacity=""0.9""/><polygon points=""-30,-30 30,-30 0,30"" fill=""#f8edeb"" stroke=""#f8edeb"" stroke-width=""2""/><rect x=""-15"" y=""-15"" width=""30"" height=""30"" fill=""#f8edeb"" transform=""rotate(45)""/><g transform=""rotate(45)""><line x1=""-40"" y1=""0"" x2=""40"" y2=""0"" stroke=""#f8edeb"" stroke-width=""2""/><line x1=""0"" y1=""-40"" x2=""0"" y2=""40"" stroke=""#f8edeb"" stroke-width=""2""/></g></g><ellipse cx=""160"" cy=""40"" rx=""20"" ry=""10"" fill=""#f8edeb"" opacity=""0.7""/><ellipse cx=""40"" cy=""160"" rx=""10"" ry=""20"" fill=""#f8edeb"" opacity=""0.7""/></svg>"
44,"<svg xmlns=""http://www.w3.org/2000/svg"" viewBox=""0 0 256 256"" width=""256"" height=""256""><defs><linearGradient id=""circleGradient"" x1=""0%"" y1=""0%"" x2=""100%"" y2=""100%""><stop offset=""0%"" stop-color=""#ff3333""/><stop offset=""100%"" stop-color=""#cc0000""/></linearGradient><linearGradient id=""squareGradient"" x1=""0%"" y1=""0%"" x2=""100%"" y2=""100%""><stop offset=""0%"" stop-color=""#3333ff""/><stop offset=""100%"" stop-color=""#0000cc""/></linearGradient></defs><circle cx=""128"" cy=""128"" r=""100"" fill=""url(#circleGradient)"" stroke=""#990000"" stroke-width=""4""/><rect x=""78"" y=""78"" width=""100"" height=""100"" fill=""url(#squareGradient)"" stroke=""#000099"" stroke-width=""4""/></svg>"
45,"<svg xmlns=""http://www.w3.org/2000/svg"" viewBox=""0 0 256 256"" width=""256"" height=""256""><defs><linearGradient id=""circleGradient"" x1=""0%"" y1=""0%"" x2=""100%"" y2=""100%""><stop offset=""0%"" stop-color=""#ff3333""/><stop offset=""100%"" stop-color=""#cc0000""/></linearGradient><linearGradient id=""squareGradient"" x1=""0%"" y1=""0%"" x2=""100%"" y2=""100%""><stop offset=""0%"" stop-color=""#6666ff""/><stop offset=""100%"" stop-color=""#0000cc""/></linearGradient></defs><circle cx=""128"" cy=""128"" r=""100"" fill=""url(#circleGradient)"" stroke=""#990000"" stroke-width=""4""/><rect x=""78"" y=""78"" width=""100"" height=""100"" fill=""url(#squareGradient)"" stroke=""#000099"" stroke-width=""3"" rx=""5""/></svg>"
38,"<svg xmlns=""http://www.w3.org/2000/svg"" viewBox=""0 0 400 300"" width=""400"" height=""300""><defs><linearGradient id=""skyGradient"" x1=""0"" y1=""0"" x2=""0"" y2=""1""><stop offset=""0%"" stop-color=""#FF6B6B""/><stop offset=""50%"" stop-color=""#FF8E53""/><stop offset=""100%"" stop-color=""#4ECDC4""/></linearGradient><linearGradient id=""oceanGradient"" x1=""0"" y1=""0"" x2=""0"" y2=""1""><stop offset=""0%"" stop-color=""#4ECDC4""/><stop offset=""100%"" stop-color=""#1A535C""/></linearGradient></defs><rect x=""0"" y=""0"" width=""400"" height=""200"" fill=""url(#skyGradient)""/><circle cx=""200"" cy=""150"" r=""40"" fill=""#FFE66D""/><rect x=""0"" y=""200"" width=""400"" height=""100"" fill=""url(#oceanGradient)""/><g fill=""#1A1A1A""><polygon points=""50,200 60,100 70,200""/><polygon points=""60,120 60,80 20,100""/><polygon points=""60,120 60,80 100,100""/><polygon points=""350,200 340,100 330,200""/><polygon points=""340,120 340,80 300,100""/><polygon points=""340,120 340,80 380,100""/></g><ellipse cx=""200"" cy=""200"" rx=""60"" ry=""20"" fill=""#FFE66D"" opacity=""0.5""/><g stroke=""#FFFFFF"" stroke-width=""2"" opacity=""0.7""><path d=""M0,220 Q100,210 200,220 T400,220"" fill=""none""/><path d=""M0,240 Q100,230 200,240 T400,240"" fill=""none""/></g></svg>"
40,"<svg xmlns=""http://www.w3.org/2000/svg"" viewBox=""0 0 200 200"" width=""200"" height=""200""><defs><linearGradient id=""skyGradient"" x1=""0%"" y1=""0%"" x2=""0%"" y2=""100%""><stop offset=""0%"" stop-color=""#87CEEB""/><stop offset=""100%"" stop-color=""#1E90FF""/></linearGradient><radialGradient id=""sunGradient"" cx=""50%"" cy=""50%"" r=""50%"" fx=""50%"" fy=""50%""><stop offset=""0%"" stop-color=""#FFD700""/><stop offset=""100%"" stop-color=""#FF8C00""/></radialGradient></defs><rect width=""200"" height=""200"" fill=""url(#skyGradient)""/><circle cx=""150"" cy=""50"" r=""25"" fill=""url(#sunGradient)""/><g transform=""translate(0, 120)""><path d=""M0,80 Q50,40 100,80 Q150,120 200,80"" fill=""#228B22"" stroke=""#006400"" stroke-width=""2""/><rect x=""90"" y=""30"" width=""20"" height=""50"" fill=""#8B4513""/><polygon points=""100,0 120,30 110,30 100,10 90,30 80,30"" fill=""#228B22""/></g><ellipse cx=""50"" cy=""150"" rx=""15"" ry=""5"" fill=""#FFFFFF"" opacity=""0.8""/><ellipse cx=""70"" cy=""140"" rx=""20"" ry=""8"" fill=""#FFFFFF"" opacity=""0.7""/><ellipse cx=""130"" cy=""160"" rx=""25"" ry=""10"" fill=""#FFFFFF"" opacity=""0.6""/></svg>"
41,"<svg viewBox=""0 0 400 300"" width=""400"" height=""300""><defs><linearGradient id=""skyGradient"" x1=""0"" y1=""0"" x2=""0"" y2=""1""><stop offset=""0%"" stop-color=""#ff9966""/><stop offset=""100%"" stop-color=""#ff5e62""/></linearGradient><linearGradient id=""waterGradient"" x1=""0"" y1=""0"" x2=""0"" y2=""1""><stop offset=""0%"" stop-color=""#5a9bd5""/><stop offset=""100%"" stop-color=""#2a4e8c""/></linearGradient></defs><rect x=""0"" y=""0"" width=""400"" height=""150"" fill=""url(#skyGradient)""/><circle cx=""350"" cy=""50"" r=""30"" fill=""#ffcc33""/><polygon points=""0,150 100,50 200,120 300,30 400,150"" fill=""#4a6b3a"" opacity=""0.9""/><polygon points=""50,150 150,80 250,100 350,40 400,150"" fill=""#3a5a2a"" opacity=""0.9""/><rect x=""0"" y=""150"" width=""400"" height=""150"" fill=""url(#waterGradient)""/><polygon points=""0,150 100,250 200,180 300,270 400,150"" fill=""#4a6b3a"" opacity=""0.3""/><polygon points=""50,150 150,220 250,200 350,260 400,150"" fill=""#3a5a2a"" opacity=""0.3""/><ellipse cx=""350"" cy=""150"" rx=""25"" ry=""10"" fill=""#ffcc33"" opacity=""0.5""/></svg>"
43,"<svg viewBox=""0 0 800 500"" width=""800"" height=""500""><defs><linearGradient id=""skyGradient"" x1=""0"" y1=""0"" x2=""0"" y2=""1""><stop offset=""0%"" stop-color=""#ff7b54""/><stop offset=""50%"" stop-color=""#ffb26b""/><stop offset=""100%"" stop-color=""#ffd56f""/></linearGradient><linearGradient id=""waterGradient"" x1=""0"" y1=""0"" x2=""0"" y2=""1""><stop offset=""0%"" stop-color=""#5d9cec""/><stop offset=""100%"" stop-color=""#3a7bd5"" stop-opacity=""0.8""/></linearGradient></defs><rect width=""800"" height=""500"" fill=""url(#skyGradient)""/><polygon points=""0,500 200,200 400,350 600,150 800,500"" fill=""#4a4e69"" opacity=""0.8""/><circle cx=""700"" cy=""100"" r=""50"" fill=""#ff9a3c""/><ellipse cx=""400"" cy=""500"" rx=""350"" ry=""100"" fill=""url(#waterGradient)""/><polygon points=""0,500 200,300 400,450 600,250 800,500"" fill=""#4a4e69"" opacity=""0.3"" transform=""scale(1,-0.3) translate(0,-1666)""/><ellipse cx=""700"" cy=""500"" rx=""30"" ry=""10"" fill=""#ff9a3c"" opacity=""0.6""/></svg>"
48,"<svg xmlns=""http://www.w3.org/2000/svg"" viewBox=""0 0 100 100"" width=""100"" height=""100""><defs><linearGradient id=""circleGradient"" x1=""0%"" y1=""0%"" x2=""100%"" y2=""100%""><stop offset=""0%"" stop-color=""#ff0000""/><stop offset=""100%"" stop-color=""#cc0000""/></linearGradient><linearGradient id=""squareGradient"" x1=""0%"" y1=""0%"" x2=""100%"" y2=""100%""><stop offset=""0%"" stop-color=""#0000ff""/><stop offset=""100%"" stop-color=""#0000cc""/></linearGradient></defs><circle cx=""50"" cy=""50"" r=""40"" fill=""url(#circleGradient)"" stroke=""#990000"" stroke-width=""2""/><rect x=""30"" y=""30"" width=""40"" height=""40"" fill=""url(#squareGradient)"" stroke=""#000099"" stroke-width=""1.5"" rx=""3""/></svg>"
49,"<svg xmlns=""http://www.w3.org/2000/svg"" viewBox=""0 0 256 256"" width=""256"" height=""256""><defs><linearGradient id=""circleGradient"" x1=""0%"" y1=""0%"" x2=""100%"" y2=""100%""><stop offset=""0%"" stop-color=""#ff3333""/><stop offset=""100%"" stop-color=""#cc0000""/></linearGradient><linearGradient id=""squareGradient"" x1=""0%"" y1=""0%"" x2=""100%"" y2=""100%""><stop offset=""0%"" stop-color=""#3333ff""/><stop offset=""100%"" stop-color=""#0000cc""/></linearGradient></defs><g transform=""translate(128, 128)""><circle cx=""0"" cy=""0"" r=""80"" fill=""url(#circleGradient)"" stroke=""#990000"" stroke-width=""4""/><rect x=""-40"" y=""-40"" width=""80"" height=""80"" fill=""url(#squareGradient)"" stroke=""#000099"" stroke-width=""3"" rx=""5""/></g></svg>"
42,"<svg viewBox=""0 0 400 300"" width=""400"" height=""300""><defs><linearGradient id=""skyGradient"" x1=""0"" y1=""0"" x2=""0"" y2=""1""><stop offset=""0%"" stop-color=""#FF6B6B""/><stop offset=""50%"" stop-color=""#FF8E53""/><stop offset=""100%"" stop-color=""#4E97D1""/></linearGradient><linearGradient id=""waterGradient"" x1=""0"" y1=""0"" x2=""0"" y2=""1""><stop offset=""0%"" stop-color=""#4E97D1""/><stop offset=""100%"" stop-color=""#1A3A8F""/></linearGradient></defs><rect x=""0"" y=""0"" width=""400"" height=""200"" fill=""url(#skyGradient)""/><circle cx=""200"" cy=""180"" r=""40"" fill=""#FFD166""/><rect x=""0"" y=""200"" width=""400"" height=""100"" fill=""url(#waterGradient)""/><g transform=""translate(150, 180)""><polygon points=""0,20 100,20 80,0 20,0"" fill=""#1A1A2E""/><polygon points=""40,0 60,0 50,-30"" fill=""#1A1A2E""/></g><ellipse cx=""200"" cy=""210"" rx=""50"" ry=""10"" fill=""#FFD166"" opacity=""0.4""/><g fill=""none"" stroke=""#FFFFFF"" stroke-width=""1"" opacity=""0.6""><path d=""M0,220 Q50,210 100,220 T200,220 T300,220 T400,220""/><path d=""M0,230 Q50,240 100,230 T200,230 T300,230 T400,230""/></g></svg>"
50,"<svg xmlns=""http://www.w3.org/2000/svg"" viewBox=""0 0 256 256"" width=""256"" height=""256""><defs><linearGradient id=""circleGradient"" x1=""0%"" y1=""0%"" x2=""100%"" y2=""100%""><stop offset=""0%"" stop-color=""#ff0000""/><stop offset=""100%"" stop-color=""#cc0000""/></linearGradient><linearGradient id=""squareGradient"" x1=""0%"" y1=""0%"" x2=""100%"" y2=""100%""><stop offset=""0%"" stop-color=""#0000ff""/><stop offset=""100%"" stop-color=""#0000cc""/></linearGradient></defs><circle cx=""128"" cy=""128"" r=""100"" fill=""url(#circleGradient)"" stroke=""#990000"" stroke-width=""4""/><rect x=""78"" y=""78"" width=""100"" height=""100"" fill=""url(#squareGradient)"" stroke=""#000099"" stroke-width=""3""/></svg>"
52,"<svg xmlns=""http://www.w3.org/2000/svg"" viewBox=""0 0 256 256"" width=""256"" height=""256""><defs><linearGradient id=""circleGradient"" x1=""0%"" y1=""0%"" x2=""100%"" y2=""100%""><stop offset=""0%"" stop-color=""#ff3333""/><stop offset=""100%"" stop-color=""#cc0000""/></linearGradient><linearGradient id=""squareGradient"" x1=""0%"" y1=""0%"" x2=""100%"" y2=""100%""><stop offset=""0%"" stop-color=""#3333ff""/><stop offset=""100%"" stop-color=""#0000cc""/></linearGradient></defs><g transform=""translate(128, 128)""><circle cx=""0"" cy=""0"" r=""80"" fill=""url(#circleGradient)"" stroke=""#990000"" stroke-width=""4""/><rect x=""-40"" y=""-40"" width=""80"" height=""80"" fill=""url(#squareGradient)"" stroke=""#000099"" stroke-width=""3"" rx=""8""/></g></svg>"
54,"<svg xmlns=""http://www.w3.org/2000/svg"" viewBox=""0 0 256 256"" width=""256"" height=""256""><circle cx=""128"" cy=""128"" r=""100"" fill=""#ff0000"" stroke=""#000000"" stroke-width=""2""/><rect x=""78"" y=""78"" width=""100"" height=""100"" fill=""#0000ff"" stroke=""#000000"" stroke-width=""2""/></svg>"
53,"<svg xmlns=""http://www.w3.org/2000/svg"" viewBox=""0 0 256 256"" width=""256"" height=""256""><circle cx=""128"" cy=""128"" r=""100"" fill=""#ff0000"" stroke=""#000000"" stroke-width=""2""/><rect x=""78"" y=""78"" width=""100"" height=""100"" fill=""#0000ff"" stroke=""#000000"" stroke-width=""2""/></svg>"
46,"<svg viewBox=""0 0 400 300"" width=""400"" height=""300""><defs><linearGradient id=""skyGradient"" x1=""0"" y1=""0"" x2=""0"" y2=""1""><stop offset=""0%"" stop-color=""#FF7F50""/><stop offset=""50%"" stop-color=""#FF4500""/><stop offset=""100%"" stop-color=""#8B0000""/></linearGradient><linearGradient id=""waterGradient"" x1=""0"" y1=""0"" x2=""0"" y2=""1""><stop offset=""0%"" stop-color=""#4682B4""/><stop offset=""100%"" stop-color=""#1E90FF""/></linearGradient></defs><rect x=""0"" y=""0"" width=""400"" height=""150"" fill=""url(#skyGradient)""/><circle cx=""300"" cy=""80"" r=""30"" fill=""#FFD700""/><polygon points=""0,150 100,50 200,150"" fill=""#2F4F4F""/><polygon points=""100,150 200,30 300,150"" fill=""#556B2F""/><polygon points=""200,150 300,70 400,150"" fill=""#708090""/><rect x=""0"" y=""150"" width=""400"" height=""150"" fill=""url(#waterGradient)""/><ellipse cx=""300"" cy=""150"" rx=""35"" ry=""10"" fill=""#FFD700"" opacity=""0.6""/><polygon points=""50,150 60,120 70,150"" fill=""#228B22""/><polygon points=""60,150 65,130 70,150"" fill=""#006400""/><polygon points=""350,150 360,120 370,150"" fill=""#228B22""/><polygon points=""360,150 365,130 370,150"" fill=""#006400""/><path d=""M0,150 Q100,140 200,150 Q300,160 400,150"" fill=""none"" stroke=""#8B4513"" stroke-width=""2""/></svg>"
47,"<svg xmlns=""http://www.w3.org/2000/svg"" viewBox=""0 0 256 256"" width=""256"" height=""256""><defs><linearGradient id=""skyGradient"" x1=""0%"" y1=""0%"" x2=""100%"" y2=""100%""><stop offset=""0%"" stop-color=""#87CEEB""/><stop offset=""100%"" stop-color=""#1E90FF""/></linearGradient><radialGradient id=""sunGradient"" cx=""50%"" cy=""50%"" r=""50%"" fx=""50%"" fy=""50%""><stop offset=""0%"" stop-color=""#FFD700""/><stop offset=""100%"" stop-color=""#FF8C00""/></radialGradient></defs><rect width=""256"" height=""256"" fill=""url(#skyGradient)""/><circle cx=""64"" cy=""64"" r=""40"" fill=""url(#sunGradient)""/><polygon points=""0,256 80,160 160,200 256,120 256,256"" fill=""#2E8B57"" opacity=""0.8""/><ellipse cx=""128"" cy=""220"" rx=""100"" ry=""30"" fill=""#4682B4"" opacity=""0.7""/><g transform=""translate(40, 180)""><rect x=""0"" y=""0"" width=""10"" height=""40"" fill=""#8B4513""/><polygon points=""5,-20 25,10 -15,10"" fill=""#228B22""/><polygon points=""5,-40 35,0 -25,0"" fill=""#228B22""/></g><g transform=""translate(180, 170)""><rect x=""0"" y=""0"" width=""12"" height=""50"" fill=""#8B4513""/><polygon points=""6,-30 36,10 -24,10"" fill=""#006400""/><polygon points=""6,-60 46,0 -34,0"" fill=""#006400""/></g><ellipse cx=""80"" cy=""220"" rx=""20"" ry=""8"" fill=""#FFD700"" opacity=""0.4""/></svg>"
51,"<svg viewBox=""0 0 400 300"" width=""400"" height=""300""><defs><linearGradient id=""skyGradient"" x1=""0"" y1=""0"" x2=""0"" y2=""1""><stop offset=""0%"" stop-color=""#FF8C00""/><stop offset=""50%"" stop-color=""#FF6347""/><stop offset=""100%"" stop-color=""#9932CC""/></linearGradient><linearGradient id=""mountainGradient"" x1=""0"" y1=""0"" x2=""0"" y2=""1""><stop offset=""0%"" stop-color=""#2F4F4F""/><stop offset=""100%"" stop-color=""#696969""/></linearGradient></defs><rect width=""400"" height=""300"" fill=""url(#skyGradient)""/><circle cx=""350"" cy=""50"" r=""40"" fill=""#FFD700""/><polygon points=""0,300 100,150 200,200 300,100 400,300"" fill=""url(#mountainGradient)""/><ellipse cx=""200"" cy=""280"" rx=""300"" ry=""40"" fill=""#556B2F"" opacity=""0.7""/><g opacity=""0.8""><polygon points=""50,250 70,220 90,240 110,200 130,230 150,210 170,240 190,200 210,230"" fill=""#FFFFFF""/><polygon points=""250,250 270,220 290,240 310,200 330,230 350,210 370,240"" fill=""#FFFFFF""/></g></svg>"
58,"<svg xmlns=""http://www.w3.org/2000/svg"" viewBox=""0 0 256 256"" width=""256"" height=""256""><circle cx=""128"" cy=""128"" r=""100"" fill=""#ff0000"" stroke=""#000000"" stroke-width=""2""/><rect x=""78"" y=""78"" width=""100"" height=""100"" fill=""#0000ff"" stroke=""#000000"" stroke-width=""2""/></svg>"
56,"<svg xmlns=""http://www.w3.org/2000/svg"" viewBox=""0 0 256 256"" width=""256"" height=""256""><defs><linearGradient id=""circleGradient"" x1=""0%"" y1=""0%"" x2=""100%"" y2=""100%""><stop offset=""0%"" stop-color=""#ff0000""/><stop offset=""100%"" stop-color=""#cc0000""/></linearGradient><linearGradient id=""squareGradient"" x1=""0%"" y1=""0%"" x2=""100%"" y2=""100%""><stop offset=""0%"" stop-color=""#0000ff""/><stop offset=""100%"" stop-color=""#0000cc""/></linearGradient></defs><circle cx=""128"" cy=""128"" r=""100"" fill=""url(#circleGradient)"" stroke=""#990000"" stroke-width=""4""/><rect x=""78"" y=""78"" width=""100"" height=""100"" fill=""url(#squareGradient)"" stroke=""#000099"" stroke-width=""3""/></svg>"
61,"<svg xmlns=""http://www.w3.org/2000/svg"" viewBox=""0 0 256 256"" width=""256"" height=""256""><circle cx=""128"" cy=""128"" r=""100"" fill=""red"" stroke=""none""/><rect x=""78"" y=""78"" width=""100"" height=""100"" fill=""blue"" stroke=""none""/></svg>"
57,"<svg xmlns=""http://www.w3.org/2000/svg"" viewBox=""0 0 256 256"" width=""256"" height=""256""><defs><linearGradient id=""circleGradient"" x1=""0%"" y1=""0%"" x2=""100%"" y2=""100%""><stop offset=""0%"" stop-color=""#ff3333""/><stop offset=""100%"" stop-color=""#cc0000""/></linearGradient><linearGradient id=""squareGradient"" x1=""0%"" y1=""0%"" x2=""100%"" y2=""100%""><stop offset=""0%"" stop-color=""#3333ff""/><stop offset=""100%"" stop-color=""#0000cc""/></linearGradient></defs><g transform=""translate(128, 128)""><circle cx=""0"" cy=""0"" r=""80"" fill=""url(#circleGradient)"" stroke=""#990000"" stroke-width=""4""/><rect x=""-50"" y=""-50"" width=""100"" height=""100"" fill=""url(#squareGradient)"" stroke=""#000099"" stroke-width=""4""/></g></svg>"
55,"<svg viewBox=""0 0 400 300"" width=""400"" height=""300""><defs><linearGradient id=""skyGradient"" x1=""0"" y1=""0"" x2=""0"" y2=""1""><stop offset=""0%"" stop-color=""#FFA07A""/><stop offset=""50%"" stop-color=""#FF7F50""/><stop offset=""100%"" stop-color=""#E9967A""/></linearGradient><linearGradient id=""waterGradient"" x1=""0"" y1=""0"" x2=""0"" y2=""1""><stop offset=""0%"" stop-color=""#4682B4""/><stop offset=""100%"" stop-color=""#1E90FF""/></linearGradient></defs><rect x=""0"" y=""0"" width=""400"" height=""150"" fill=""url(#skyGradient)""/><circle cx=""300"" cy=""80"" r=""30"" fill=""#FFD700""/><polygon points=""0,150 100,50 200,120 300,30 400,150"" fill=""#2F4F4F"" opacity=""0.9""/><rect x=""0"" y=""150"" width=""400"" height=""150"" fill=""url(#waterGradient)""/><polygon points=""0,150 100,250 200,180 300,270 400,150"" fill=""#2F4F4F"" opacity=""0.4""/><ellipse cx=""300"" cy=""150"" rx=""35"" ry=""10"" fill=""#FFD700"" opacity=""0.6""/></svg>"
65,"<svg xmlns=""http://www.w3.org/2000/svg"" viewBox=""0 0 256 256"" width=""256"" height=""256""><circle cx=""128"" cy=""128"" r=""100"" fill=""red"" stroke=""none""/><rect x=""78"" y=""78"" width=""100"" height=""100"" fill=""blue"" stroke=""none""/></svg>"
68,"<svg xmlns=""http://www.w3.org/2000/svg"" viewBox=""0 0 256 256"" width=""256"" height=""256""><circle cx=""128"" cy=""128"" r=""100"" fill=""red"" stroke=""none""/><rect x=""78"" y=""78"" width=""100"" height=""100"" fill=""blue"" stroke=""none""/></svg>"
59,"<svg viewBox=""0 0 400 300"" width=""400"" height=""300""><defs><linearGradient id=""skyGradient"" x1=""0"" y1=""0"" x2=""0"" y2=""1""><stop offset=""0%"" stop-color=""#FF7F50""/><stop offset=""50%"" stop-color=""#FFA07A""/><stop offset=""100%"" stop-color=""#87CEEB""/></linearGradient><linearGradient id=""waterGradient"" x1=""0"" y1=""0"" x2=""0"" y2=""1""><stop offset=""0%"" stop-color=""#4682B4""/><stop offset=""100%"" stop-color=""#1E90FF""/></linearGradient></defs><rect x=""0"" y=""0"" width=""400"" height=""150"" fill=""url(#skyGradient)""/><circle cx=""350"" cy=""50"" r=""30"" fill=""#FFD700""/><polygon points=""0,150 100,50 200,120 300,30 400,150"" fill=""#2F4F4F"" opacity=""0.8""/><polygon points=""100,50 120,80 80,90"" fill=""#696969""/><polygon points=""300,30 280,60 320,70"" fill=""#696969""/><rect x=""0"" y=""150"" width=""400"" height=""150"" fill=""url(#waterGradient)"" opacity=""0.7""/><ellipse cx=""350"" cy=""225"" rx=""25"" ry=""10"" fill=""#FFD700"" opacity=""0.6""/><polygon points=""0,150 100,250 200,180 300,270 400,150"" fill=""#2F4F4F"" opacity=""0.3"" transform=""scale(1,-1) translate(0,-300)""/></svg>"
70,"<svg xmlns=""http://www.w3.org/2000/svg"" viewBox=""0 0 256 256"" width=""256"" height=""256""><defs><linearGradient id=""circleGradient"" x1=""0%"" y1=""0%"" x2=""100%"" y2=""100%""><stop offset=""0%"" stop-color=""#ff0000""/><stop offset=""100%"" stop-color=""#cc0000""/></linearGradient><linearGradient id=""squareGradient"" x1=""0%"" y1=""0%"" x2=""100%"" y2=""100%""><stop offset=""0%"" stop-color=""#0000ff""/><stop offset=""100%"" stop-color=""#0000cc""/></linearGradient></defs><circle cx=""128"" cy=""128"" r=""100"" fill=""url(#circleGradient)"" stroke=""#990000"" stroke-width=""4""/><rect x=""78"" y=""78"" width=""100"" height=""100"" fill=""url(#squareGradient)"" stroke=""#000099"" stroke-width=""4""/></svg>"
63,"<svg xmlns=""http://www.w3.org/2000/svg"" viewBox=""0 0 200 200"" width=""200"" height=""200""><defs><linearGradient id=""circleGradient"" x1=""0%"" y1=""0%"" x2=""100%"" y2=""100%""><stop offset=""0%"" stop-color=""#ff3333""/><stop offset=""100%"" stop-color=""#cc0000""/></linearGradient><linearGradient id=""squareGradient"" x1=""0%"" y1=""0%"" x2=""100%"" y2=""100%""><stop offset=""0%"" stop-color=""#6666ff""/><stop offset=""100%"" stop-color=""#0000cc""/></linearGradient></defs><circle cx=""100"" cy=""100"" r=""80"" fill=""url(#circleGradient)"" stroke=""#990000"" stroke-width=""2""/><rect x=""60"" y=""60"" width=""80"" height=""80"" fill=""url(#squareGradient)"" stroke=""#000099"" stroke-width=""2"" rx=""5"" ry=""5""/><g opacity=""0.3""><circle cx=""100"" cy=""100"" r=""90"" fill=""none"" stroke=""#990000"" stroke-width=""1"" stroke-dasharray=""5,5""/><rect x=""50"" y=""50"" width=""100"" height=""100"" fill=""none"" stroke=""#000099"" stroke-width=""1"" stroke-dasharray=""5,5"" rx=""10"" ry=""10""/></g></svg>"
60,"<svg viewBox=""0 0 200 200"" width=""200"" height=""200""><defs><linearGradient id=""grad1"" x1=""0%"" y1=""0%"" x2=""100%"" y2=""100%""><stop offset=""0%"" stop-color=""#4b6cb7""/><stop offset=""100%"" stop-color=""#182848""/></linearGradient><radialGradient id=""grad2"" cx=""50%"" cy=""50%"" r=""50%"" fx=""50%"" fy=""50%""><stop offset=""0%"" stop-color=""#f5f7fa""/><stop offset=""100%"" stop-color=""#c3cfe2""/></radialGradient></defs><rect width=""200"" height=""200"" fill=""url(#grad1)""/><g transform=""translate(100, 100)""><circle cx=""0"" cy=""0"" r=""50"" fill=""url(#grad2)"" stroke=""#ffffff"" stroke-width=""2""/><polygon points=""-30,-15 0,-40 30,-15 30,15 0,40 -30,15"" fill=""#e0e0e0"" stroke=""#ffffff"" stroke-width=""1.5"" transform=""rotate(30)"" opacity=""0.9""/><ellipse cx=""0"" cy=""-20"" rx=""15"" ry=""8"" fill=""#ff7e5f"" opacity=""0.8""/><ellipse cx=""0"" cy=""20"" rx=""15"" ry=""8"" fill=""#feb47b"" opacity=""0.8""/><line x1=""-40"" y1=""0"" x2=""40"" y2=""0"" stroke=""#ffffff"" stroke-width=""1.5"" opacity=""0.7""/><line x1=""0"" y1=""-40"" x2=""0"" y2=""40"" stroke=""#ffffff"" stroke-width=""1.5"" opacity=""0.7""/></g></svg>"
66,"<svg viewBox=""0 0 400 300"" width=""400"" height=""300""><defs><linearGradient id=""skyGradient"" x1=""0"" y1=""0"" x2=""0"" y2=""1""><stop offset=""0%"" stop-color=""#FF7F50""/><stop offset=""50%"" stop-color=""#FF4500""/><stop offset=""100%"" stop-color=""#8A2BE2""/></linearGradient><linearGradient id=""waterGradient"" x1=""0"" y1=""0"" x2=""0"" y2=""1""><stop offset=""0%"" stop-color=""#8A2BE2"" stop-opacity=""0.7""/><stop offset=""100%"" stop-color=""#00008B""/></linearGradient></defs><rect x=""0"" y=""0"" width=""400"" height=""200"" fill=""url(#skyGradient)""/><circle cx=""200"" cy=""120"" r=""40"" fill=""#FFD700""/><polygon points=""0,200 80,120 160,180 240,100 320,160 400,200"" fill=""#2F4F4F""/><rect x=""0"" y=""200"" width=""400"" height=""100"" fill=""url(#waterGradient)""/><ellipse cx=""200"" cy=""220"" rx=""50"" ry=""20"" fill=""#FFD700"" opacity=""0.6""/><polygon points=""0,200 80,280 160,220 240,300 320,240 400,200"" fill=""#2F4F4F"" opacity=""0.4""/></svg>"
64,"<svg viewBox=""0 0 800 600"" width=""800"" height=""600""><defs><linearGradient id=""skyGradient"" x1=""0"" y1=""0"" x2=""0"" y2=""1""><stop offset=""0%"" stop-color=""#ff7e5f""/><stop offset=""100%"" stop-color=""#feb47b""/></linearGradient><linearGradient id=""waterGradient"" x1=""0"" y1=""0"" x2=""0"" y2=""1""><stop offset=""0%"" stop-color=""#6dd5ed""/><stop offset=""100%"" stop-color=""#2193b0""/></linearGradient></defs><rect x=""0"" y=""0"" width=""800"" height=""600"" fill=""url(#skyGradient)""/><polygon points=""0,300 200,100 400,250 600,50 800,350 800,600 0,600"" fill=""#4a2c2c"" opacity=""0.8""/><circle cx=""700"" cy=""150"" r=""60"" fill=""#ffcc00""/><polygon points=""0,450 200,400 400,450 600,420 800,440 800,600 0,600"" fill=""url(#waterGradient)"" opacity=""0.7""/><polygon points=""0,450 200,500 400,450 600,480 800,460 800,600 0,600"" fill=""#4a2c2c"" opacity=""0.3""/><ellipse cx=""400"" cy=""450"" rx=""50"" ry=""20"" fill=""#3a5a40""/></svg>"
72,"<svg xmlns=""http://www.w3.org/2000/svg"" viewBox=""0 0 256 256"" width=""256"" height=""256""><defs><linearGradient id=""circleGradient"" x1=""0%"" y1=""0%"" x2=""100%"" y2=""100%""><stop offset=""0%"" stop-color=""#ff3333""/><stop offset=""100%"" stop-color=""#cc0000""/></linearGradient><linearGradient id=""squareGradient"" x1=""0%"" y1=""0%"" x2=""100%"" y2=""100%""><stop offset=""0%"" stop-color=""#6666ff""/><stop offset=""100%"" stop-color=""#0000cc""/></linearGradient></defs><circle cx=""128"" cy=""128"" r=""100"" fill=""url(#circleGradient)"" stroke=""#990000"" stroke-width=""4""/><rect x=""78"" y=""78"" width=""100"" height=""100"" fill=""url(#squareGradient)"" stroke=""#000099"" stroke-width=""3"" rx=""8""/></svg>"
71,"<svg viewBox=""0 0 200 200"" width=""200"" height=""200""><defs><linearGradient id=""skyGradient"" x1=""0%"" y1=""0%"" x2=""0%"" y2=""100%""><stop offset=""0%"" stop-color=""#87CEEB""/><stop offset=""100%"" stop-color=""#1E90FF""/></linearGradient><radialGradient id=""sunGradient"" cx=""50%"" cy=""50%"" r=""50%"" fx=""50%"" fy=""50%""><stop offset=""0%"" stop-color=""#FFD700""/><stop offset=""100%"" stop-color=""#FF8C00""/></radialGradient></defs><rect width=""200"" height=""200"" fill=""url(#skyGradient)""/><circle cx=""150"" cy=""50"" r=""30"" fill=""url(#sunGradient)""/><polygon points=""30,180 70,140 110,180"" fill=""#228B22""/><rect x=""80"" y=""180"" width=""40"" height=""60"" fill=""#8B4513""/><ellipse cx=""100"" cy=""100"" rx=""10"" ry=""5"" fill=""white"" opacity=""0.8""/><ellipse cx=""120"" cy=""90"" rx=""15"" ry=""7"" fill=""white"" opacity=""0.8""/><ellipse cx=""80"" cy=""110"" rx=""12"" ry=""6"" fill=""white"" opacity=""0.8""/></svg>"
62,"<svg viewBox=""0 0 400 300"" width=""400"" height=""300""><defs><linearGradient id=""skyGradient"" x1=""0"" y1=""0"" x2=""0"" y2=""1""><stop offset=""0%"" stop-color=""#FF7F50""/><stop offset=""30%"" stop-color=""#FF6347""/><stop offset=""60%"" stop-color=""#FF4500""/><stop offset=""100%"" stop-color=""#8B0000""/></linearGradient><linearGradient id=""oceanGradient"" x1=""0"" y1=""0"" x2=""0"" y2=""1""><stop offset=""0%"" stop-color=""#1E90FF""/><stop offset=""100%"" stop-color=""#000080""/></linearGradient></defs><rect x=""0"" y=""0"" width=""400"" height=""200"" fill=""url(#skyGradient)""/><circle cx=""200"" cy=""150"" r=""40"" fill=""#FFD700""/><rect x=""0"" y=""200"" width=""400"" height=""100"" fill=""url(#oceanGradient)""/><polygon points=""180,200 220,200 200,230"" fill=""#FFD700"" opacity=""0.6""/><g fill=""#000000""><rect x=""50"" y=""150"" width=""8"" height=""50"" fill=""#2F4F4F""/><polygon points=""30,150 54,150 42,120"" fill=""#2F4F4F""/><polygon points=""40,140 54,150 44,130"" fill=""#2F4F4F""/><polygon points=""54,150 78,150 54,120"" fill=""#2F4F4F""/><rect x=""342"" y=""150"" width=""8"" height=""50"" fill=""#2F4F4F""/><polygon points=""322,150 346,150 334,120"" fill=""#2F4F4F""/><polygon points=""332,140 346,150 336,130"" fill=""#2F4F4F""/><polygon points=""346,150 370,150 346,120"" fill=""#2F4F4F""/></g><g stroke=""#FFFFFF"" stroke-width=""2"" fill=""none"" opacity=""0.7""><path d=""M0,220 Q50,210 100,220 T200,220 T300,220 T400,220""/><path d=""M0,240 Q50,230 100,240 T200,240 T300,240 T400,240""/></g></svg>"
67,"<svg xmlns=""http://www.w3.org/2000/svg"" viewBox=""0 0 256 256"" width=""256"" height=""256""><defs><linearGradient id=""skyGradient"" x1=""0%"" y1=""0%"" x2=""100%"" y2=""100%""><stop offset=""0%"" stop-color=""#1a2a6c""/><stop offset=""100%"" stop-color=""#b21f1f""/></linearGradient><radialGradient id=""sunGradient"" cx=""50%"" cy=""50%"" r=""50%"" fx=""50%"" fy=""50%""><stop offset=""0%"" stop-color=""#f8d56b""/><stop offset=""100%"" stop-color=""#f46b45""/></radialGradient></defs><rect width=""256"" height=""256"" fill=""url(#skyGradient)""/><circle cx=""128"" cy=""128"" r=""60"" fill=""url(#sunGradient)"" opacity=""0.9""/><g transform=""translate(128, 128)""><polygon points=""0,-80 20,-60 0,-40 -20,-60"" fill=""#ffffff"" opacity=""0.8""/><polygon points=""80,0 60,20 40,0 60,-20"" fill=""#ffffff"" opacity=""0.8""/><polygon points=""0,80 20,60 0,40 -20,60"" fill=""#ffffff"" opacity=""0.8""/><polygon points=""-80,0 -60,20 -40,0 -60,-20"" fill=""#ffffff"" opacity=""0.8""/><polygon points=""56,-56 70,-42 56,-28 42,-42"" fill=""#ffffff"" opacity=""0.8""/><polygon points=""56,56 70,42 56,28 42,42"" fill=""#ffffff"" opacity=""0.8""/><polygon points=""-56,56 -42,70 -28,56 -42,42"" fill=""#ffffff"" opacity=""0.8""/><polygon points=""-56,-56 -42,-70 -28,-56 -42,-42"" fill=""#ffffff"" opacity=""0.8""/></g><ellipse cx=""128"" cy=""180"" rx=""100"" ry=""40"" fill=""#2d3747"" opacity=""0.7""/></svg>"
75,"<svg xmlns=""http://www.w3.org/2000/svg"" viewBox=""0 0 256 256"" width=""256"" height=""256""><defs><linearGradient id=""circleGradient"" x1=""0%"" y1=""0%"" x2=""100%"" y2=""100%""><stop offset=""0%"" stop-color=""#ff0000""/><stop offset=""100%"" stop-color=""#cc0000""/></linearGradient><linearGradient id=""squareGradient"" x1=""0%"" y1=""0%"" x2=""100%"" y2=""100%""><stop offset=""0%"" stop-color=""#0000ff""/><stop offset=""100%"" stop-color=""#0000cc""/></linearGradient></defs><circle cx=""128"" cy=""128"" r=""100"" fill=""url(#circleGradient)"" stroke=""#990000"" stroke-width=""4""/><rect x=""78"" y=""78"" width=""100"" height=""100"" fill=""url(#squareGradient)"" stroke=""#000099"" stroke-width=""3"" rx=""5""/></svg>"
69,"<svg viewBox=""0 0 800 500"" width=""800"" height=""500""><defs><linearGradient id=""skyGradient"" x1=""0"" y1=""0"" x2=""0"" y2=""1""><stop offset=""0%"" stop-color=""#FF7F50""/><stop offset=""50%"" stop-color=""#FF6347""/><stop offset=""100%"" stop-color=""#FF4500""/></linearGradient><linearGradient id=""waterGradient"" x1=""0"" y1=""0"" x2=""0"" y2=""1""><stop offset=""0%"" stop-color=""#4682B4""/><stop offset=""100%"" stop-color=""#1E90FF""/></linearGradient></defs><rect x=""0"" y=""0"" width=""800"" height=""300"" fill=""url(#skyGradient)""/><circle cx=""700"" cy=""100"" r=""50"" fill=""#FFD700""/><polygon points=""0,300 200,100 400,300"" fill=""#2F4F4F"" opacity=""0.9""/><polygon points=""200,300 400,150 600,300"" fill=""#556B2F"" opacity=""0.9""/><polygon points=""400,300 600,200 800,300"" fill=""#708090"" opacity=""0.9""/><ellipse cx=""400"" cy=""400"" rx=""350"" ry=""80"" fill=""url(#waterGradient)""/><polygon points=""0,300 200,500 400,300"" fill=""#2F4F4F"" opacity=""0.3""/><polygon points=""200,300 400,450 600,300"" fill=""#556B2F"" opacity=""0.3""/><polygon points=""400,300 600,400 800,300"" fill=""#708090"" opacity=""0.3""/><ellipse cx=""700"" cy=""400"" rx=""30"" ry=""10"" fill=""#FFD700"" opacity=""0.6""/></svg>"
76,"<svg xmlns=""http://www.w3.org/2000/svg"" viewBox=""0 0 256 256"" width=""256"" height=""256""><defs><linearGradient id=""circleGradient"" x1=""0%"" y1=""0%"" x2=""100%"" y2=""100%""><stop offset=""0%"" stop-color=""#ff3333""/><stop offset=""100%"" stop-color=""#cc0000""/></linearGradient><linearGradient id=""squareGradient"" x1=""0%"" y1=""0%"" x2=""100%"" y2=""100%""><stop offset=""0%"" stop-color=""#6666ff""/><stop offset=""100%"" stop-color=""#0000cc""/></linearGradient></defs><circle cx=""128"" cy=""128"" r=""100"" fill=""url(#circleGradient)"" stroke=""#990000"" stroke-width=""4""/><g transform=""rotate(15, 128, 128)""><rect x=""78"" y=""78"" width=""100"" height=""100"" fill=""url(#squareGradient)"" stroke=""#000099"" stroke-width=""3""/></g></svg>"
77,"<svg xmlns=""http://www.w3.org/2000/svg"" viewBox=""0 0 256 256"" width=""256"" height=""256""><defs><linearGradient id=""circleGradient"" x1=""0%"" y1=""0%"" x2=""100%"" y2=""100%""><stop offset=""0%"" stop-color=""#ff3333""/><stop offset=""100%"" stop-color=""#cc0000""/></linearGradient><linearGradient id=""squareGradient"" x1=""0%"" y1=""0%"" x2=""100%"" y2=""100%""><stop offset=""0%"" stop-color=""#3333ff""/><stop offset=""100%"" stop-color=""#0000cc""/></linearGradient></defs><circle cx=""128"" cy=""128"" r=""100"" fill=""url(#circleGradient)"" stroke=""#990000"" stroke-width=""4""/><rect x=""88"" y=""88"" width=""80"" height=""80"" fill=""url(#squareGradient)"" stroke=""#000099"" stroke-width=""3"" rx=""5""/></svg>"
74,"<svg viewBox=""0 0 500 300"" width=""500"" height=""300""><defs><linearGradient id=""skyGradient"" x1=""0"" y1=""0"" x2=""0"" y2=""1""><stop offset=""0%"" stop-color=""#ff9966""/><stop offset=""100%"" stop-color=""#ff5e62""/></linearGradient><linearGradient id=""sunGradient"" x1=""0"" y1=""0"" x2=""0"" y2=""1""><stop offset=""0%"" stop-color=""#ffcc00""/><stop offset=""100%"" stop-color=""#ff6600""/></linearGradient></defs><rect width=""500"" height=""300"" fill=""url(#skyGradient)""/><circle cx=""400"" cy=""80"" r=""40"" fill=""url(#sunGradient)""/><polygon points=""0,300 100,200 200,250 300,150 400,280 500,220 500,300"" fill=""#4a6b3a"" opacity=""0.9""/><polygon points=""0,300 50,220 150,270 250,170 350,300"" fill=""#3a5a2a"" opacity=""0.8""/><ellipse cx=""250"" cy=""300"" rx=""500"" ry=""40"" fill=""#1a3a2a"" opacity=""0.7""/></svg>"
82,"<svg xmlns=""http://www.w3.org/2000/svg"" viewBox=""0 0 256 256"" width=""256"" height=""256""><circle cx=""128"" cy=""128"" r=""100"" fill=""red"" stroke=""none""/><rect x=""78"" y=""78"" width=""100"" height=""100"" fill=""blue"" stroke=""none""/></svg>"
83,"<svg xmlns=""http://www.w3.org/2000/svg"" viewBox=""0 0 256 256"" width=""256"" height=""256""><circle cx=""128"" cy=""128"" r=""100"" fill=""#ff0000"" stroke=""#000000"" stroke-width=""2""/><rect x=""78"" y=""78"" width=""100"" height=""100"" fill=""#0000ff"" stroke=""#000000"" stroke-width=""2""/></svg>"
73,"<svg xmlns=""http://www.w3.org/2000/svg"" viewBox=""0 0 200 200"" width=""200"" height=""200""><defs><linearGradient id=""grad1"" x1=""0%"" y1=""0%"" x2=""100%"" y2=""100%""><stop offset=""0%"" stop-color=""#4a6fa5""/><stop offset=""100%"" stop-color=""#166088""/></linearGradient><radialGradient id=""grad2"" cx=""40%"" cy=""40%"" r=""50%"" fx=""40%"" fy=""40%""><stop offset=""0%"" stop-color=""#ff7e5f""/><stop offset=""100%"" stop-color=""#feb47b""/></radialGradient></defs><rect x=""0"" y=""0"" width=""200"" height=""200"" fill=""#f0f0f0""/><g transform=""translate(100, 100)""><circle cx=""0"" cy=""0"" r=""50"" fill=""url(#grad2)"" stroke=""#333"" stroke-width=""2""/><polygon points=""-30,-30 30,-30 0,30"" fill=""url(#grad1)"" opacity=""0.9"" transform=""rotate(45)""/><ellipse cx=""0"" cy=""-20"" rx=""15"" ry=""8"" fill=""#fff"" opacity=""0.7""/></g><line x1=""20"" y1=""20"" x2=""180"" y2=""180"" stroke=""#333"" stroke-width=""1"" opacity=""0.3""/><line x1=""180"" y1=""20"" x2=""20"" y2=""180"" stroke=""#333"" stroke-width=""1"" opacity=""0.3""/><g transform=""translate(50, 50)""><rect x=""0"" y=""0"" width=""20"" height=""20"" fill=""#4caf50"" transform=""rotate(15)""/><rect x=""30"" y=""0"" width=""20"" height=""20"" fill=""#8bc34a"" transform=""rotate(30)""/></g><polyline points=""40,160 80,140 120,170 160,150"" fill=""none"" stroke=""#9c27b0"" stroke-width=""3""/></svg>"
79,"<svg xmlns=""http://www.w3.org/2000/svg"" viewBox=""0 0 256 256"" width=""256"" height=""256""><defs><linearGradient id=""circleGradient"" x1=""0%"" y1=""0%"" x2=""100%"" y2=""100%""><stop offset=""0%"" stop-color=""#ff3333""/><stop offset=""100%"" stop-color=""#cc0000""/></linearGradient><linearGradient id=""squareGradient"" x1=""0%"" y1=""0%"" x2=""100%"" y2=""100%""><stop offset=""0%"" stop-color=""#3333ff""/><stop offset=""100%"" stop-color=""#0000cc""/></linearGradient></defs><circle cx=""128"" cy=""128"" r=""100"" fill=""url(#circleGradient)"" stroke=""#990000"" stroke-width=""4""/><rect x=""78"" y=""78"" width=""100"" height=""100"" fill=""url(#squareGradient)"" stroke=""#000099"" stroke-width=""4"" rx=""8""/></svg>"
80,"<svg xmlns=""http://www.w3.org/2000/svg"" viewBox=""0 0 256 256"" width=""256"" height=""256""><defs><linearGradient id=""circleGradient"" x1=""0%"" y1=""0%"" x2=""100%"" y2=""100%""><stop offset=""0%"" stop-color=""#ff0000""/><stop offset=""100%"" stop-color=""#cc0000""/></linearGradient><linearGradient id=""squareGradient"" x1=""0%"" y1=""0%"" x2=""100%"" y2=""100%""><stop offset=""0%"" stop-color=""#0000ff""/><stop offset=""100%"" stop-color=""#0000cc""/></linearGradient></defs><circle cx=""128"" cy=""128"" r=""100"" fill=""url(#circleGradient)"" stroke=""#990000"" stroke-width=""4""/><rect x=""78"" y=""78"" width=""100"" height=""100"" fill=""url(#squareGradient)"" stroke=""#000099"" stroke-width=""4""/></svg>"
78,"<svg xmlns=""http://www.w3.org/2000/svg"" viewBox=""0 0 256 256"" width=""256"" height=""256""><defs><linearGradient id=""circleGradient"" x1=""0%"" y1=""0%"" x2=""100%"" y2=""100%""><stop offset=""0%"" stop-color=""#ff3333""/><stop offset=""100%"" stop-color=""#cc0000""/></linearGradient><linearGradient id=""squareGradient"" x1=""0%"" y1=""0%"" x2=""100%"" y2=""100%""><stop offset=""0%"" stop-color=""#3333ff""/><stop offset=""100%"" stop-color=""#0000cc""/></linearGradient></defs><circle cx=""128"" cy=""128"" r=""100"" fill=""url(#circleGradient)"" stroke=""#990000"" stroke-width=""4""/><rect x=""88"" y=""88"" width=""80"" height=""80"" fill=""url(#squareGradient)"" stroke=""#000099"" stroke-width=""3"" rx=""5""/></svg>"
81,"<svg xmlns=""http://www.w3.org/2000/svg"" viewBox=""0 0 256 256"" width=""256"" height=""256""><defs><linearGradient id=""circleGradient"" x1=""0%"" y1=""0%"" x2=""100%"" y2=""100%""><stop offset=""0%"" stop-color=""#ff0000""/><stop offset=""100%"" stop-color=""#cc0000""/></linearGradient><linearGradient id=""squareGradient"" x1=""0%"" y1=""0%"" x2=""100%"" y2=""100%""><stop offset=""0%"" stop-color=""#0000ff""/><stop offset=""100%"" stop-color=""#0000cc""/></linearGradient></defs><circle cx=""128"" cy=""128"" r=""100"" fill=""url(#circleGradient)"" stroke=""#990000"" stroke-width=""4""/><rect x=""78"" y=""78"" width=""100"" height=""100"" fill=""url(#squareGradient)"" stroke=""#000099"" stroke-width=""4""/></svg>"
84,"<svg xmlns=""http://www.w3.org/2000/svg"" viewBox=""0 0 256 256"" width=""256"" height=""256""><defs><linearGradient id=""circleGradient"" x1=""0%"" y1=""0%"" x2=""100%"" y2=""100%""><stop offset=""0%"" stop-color=""#ff0000""/><stop offset=""100%"" stop-color=""#cc0000""/></linearGradient><linearGradient id=""squareGradient"" x1=""0%"" y1=""0%"" x2=""100%"" y2=""100%""><stop offset=""0%"" stop-color=""#0000ff""/><stop offset=""100%"" stop-color=""#0000cc""/></linearGradient></defs><circle cx=""128"" cy=""128"" r=""100"" fill=""url(#circleGradient)"" stroke=""#990000"" stroke-width=""4""/><rect x=""78"" y=""78"" width=""100"" height=""100"" fill=""url(#squareGradient)"" stroke=""#000099"" stroke-width=""4""/></svg>"
86,"<svg xmlns=""http://www.w3.org/2000/svg"" viewBox=""0 0 256 256"" width=""256"" height=""256""><defs><linearGradient id=""circleGradient"" x1=""0%"" y1=""0%"" x2=""100%"" y2=""100%""><stop offset=""0%"" stop-color=""#ff0000""/><stop offset=""100%"" stop-color=""#cc0000""/></linearGradient><linearGradient id=""squareGradient"" x1=""0%"" y1=""0%"" x2=""100%"" y2=""100%""><stop offset=""0%"" stop-color=""#0000ff""/><stop offset=""100%"" stop-color=""#0000cc""/></linearGradient></defs><circle cx=""128"" cy=""128"" r=""100"" fill=""url(#circleGradient)"" stroke=""#990000"" stroke-width=""4""/><rect x=""78"" y=""78"" width=""100"" height=""100"" fill=""url(#squareGradient)"" stroke=""#000099"" stroke-width=""3""/></svg>"
89,"<svg xmlns=""http://www.w3.org/2000/svg"" viewBox=""0 0 256 256"" width=""256"" height=""256""><defs><linearGradient id=""circleGradient"" x1=""0%"" y1=""0%"" x2=""100%"" y2=""100%""><stop offset=""0%"" stop-color=""#ff3333""/><stop offset=""100%"" stop-color=""#cc0000""/></linearGradient><linearGradient id=""squareGradient"" x1=""0%"" y1=""0%"" x2=""100%"" y2=""100%""><stop offset=""0%"" stop-color=""#3333ff""/><stop offset=""100%"" stop-color=""#0000cc""/></linearGradient></defs><circle cx=""128"" cy=""128"" r=""100"" fill=""url(#circleGradient)"" stroke=""#990000"" stroke-width=""4""/><rect x=""78"" y=""78"" width=""100"" height=""100"" fill=""url(#squareGradient)"" stroke=""#000099"" stroke-width=""3"" rx=""5""/></svg>"
92,"<svg xmlns=""http://www.w3.org/2000/svg"" viewBox=""0 0 256 256"" width=""256"" height=""256""><defs><linearGradient id=""circleGradient"" x1=""0%"" y1=""0%"" x2=""100%"" y2=""100%""><stop offset=""0%"" stop-color=""#ff0000""/><stop offset=""100%"" stop-color=""#cc0000""/></linearGradient><linearGradient id=""squareGradient"" x1=""0%"" y1=""0%"" x2=""100%"" y2=""100%""><stop offset=""0%"" stop-color=""#0000ff""/><stop offset=""100%"" stop-color=""#0000cc""/></linearGradient></defs><circle cx=""128"" cy=""128"" r=""100"" fill=""url(#circleGradient)"" stroke=""#990000"" stroke-width=""4""/><rect x=""78"" y=""78"" width=""100"" height=""100"" fill=""url(#squareGradient)"" stroke=""#000099"" stroke-width=""4""/></svg>"
91,"<svg xmlns=""http://www.w3.org/2000/svg"" viewBox=""0 0 256 256"" width=""256"" height=""256""><defs><linearGradient id=""circleGradient"" x1=""0%"" y1=""0%"" x2=""100%"" y2=""100%""><stop offset=""0%"" stop-color=""#ff3333""/><stop offset=""100%"" stop-color=""#cc0000""/></linearGradient><linearGradient id=""squareGradient"" x1=""0%"" y1=""0%"" x2=""100%"" y2=""100%""><stop offset=""0%"" stop-color=""#3333ff""/><stop offset=""100%"" stop-color=""#0000cc""/></linearGradient></defs><circle cx=""128"" cy=""128"" r=""100"" fill=""url(#circleGradient)"" stroke=""#990000"" stroke-width=""4""/><rect x=""78"" y=""78"" width=""100"" height=""100"" fill=""url(#squareGradient)"" stroke=""#000099"" stroke-width=""4""/></svg>"
93,"<svg viewBox=""0 0 800 500"" width=""800"" height=""500""><defs><linearGradient id=""skyGradient"" x1=""0"" y1=""0"" x2=""0"" y2=""1""><stop offset=""0%"" stop-color=""#ff7b25""/><stop offset=""50%"" stop-color=""#ff4e50""/><stop offset=""100%"" stop-color=""#8b2e9e""/></linearGradient><linearGradient id=""waterGradient"" x1=""0"" y1=""0"" x2=""0"" y2=""1""><stop offset=""0%"" stop-color=""#2e3192""/><stop offset=""100%"" stop-color=""#1b1464""/></linearGradient></defs><rect x=""0"" y=""0"" width=""800"" height=""500"" fill=""url(#skyGradient)""/><circle cx=""700"" cy=""100"" r=""50"" fill=""#ffde59""/><polygon points=""0,500 200,200 400,300 600,100 800,500"" fill=""#3a1c0f"" opacity=""0.8""/><polygon points=""0,500 150,250 300,350 500,150 800,500"" fill=""#5d2b1a"" opacity=""0.8""/><path d=""M0,400 Q200,350 400,380 Q600,400 800,380 L800,500 L0,500 Z"" fill=""url(#waterGradient)""/><ellipse cx=""700"" cy=""440"" rx=""60"" ry=""20"" fill=""#ffde59"" opacity=""0.4""/></svg>"
85,"<svg viewBox=""0 0 400 300"" width=""400"" height=""300""><defs><linearGradient id=""skyGradient"" x1=""0"" y1=""0"" x2=""0"" y2=""1""><stop offset=""0%"" stop-color=""#FF6B6B""/><stop offset=""30%"" stop-color=""#FF8E53""/><stop offset=""60%"" stop-color=""#FFB347""/><stop offset=""100%"" stop-color=""#FFD166""/></linearGradient><linearGradient id=""oceanGradient"" x1=""0"" y1=""0"" x2=""0"" y2=""1""><stop offset=""0%"" stop-color=""#4ECDC4""/><stop offset=""100%"" stop-color=""#1A535C""/></linearGradient></defs><rect x=""0"" y=""0"" width=""400"" height=""200"" fill=""url(#skyGradient)""/><circle cx=""200"" cy=""150"" r=""40"" fill=""#FFEE93""/><rect x=""0"" y=""200"" width=""400"" height=""100"" fill=""url(#oceanGradient)""/><ellipse cx=""200"" cy=""200"" rx=""50"" ry=""20"" fill=""#FFEE93"" opacity=""0.5""/><g fill=""#2D3436""><rect x=""50"" y=""180"" width=""8"" height=""60""/><polygon points=""30,180 78,180 54,140""/><polygon points=""40,160 68,160 54,130""/><rect x=""342"" y=""180"" width=""8"" height=""60""/><polygon points=""322,180 370,180 346,140""/><polygon points=""332,160 360,160 346,130""/></g><line x1=""0"" y1=""200"" x2=""400"" y2=""200"" stroke=""#1A535C"" stroke-width=""2""/><g stroke=""#1A535C"" stroke-width=""1.5"" fill=""none""><path d=""M50,220 Q70,215 90,220""/><path d=""M150,230 Q170,225 190,230""/><path d=""M250,225 Q270,220 290,225""/><path d=""M350,235 Q370,230 390,235""/></g></svg>"
88,"<svg viewBox=""0 0 400 300"" width=""400"" height=""300""><defs><linearGradient id=""skyGradient"" x1=""0"" y1=""0"" x2=""0"" y2=""1""><stop offset=""0%"" stop-color=""#FF6B6B""/><stop offset=""50%"" stop-color=""#FF8E53""/><stop offset=""100%"" stop-color=""#4E54C8""/></linearGradient><linearGradient id=""oceanGradient"" x1=""0"" y1=""0"" x2=""0"" y2=""1""><stop offset=""0%"" stop-color=""#4E54C8""/><stop offset=""100%"" stop-color=""#1A237E""/></linearGradient></defs><rect x=""0"" y=""0"" width=""400"" height=""200"" fill=""url(#skyGradient)""/><circle cx=""200"" cy=""150"" r=""40"" fill=""#FFD700""/><rect x=""0"" y=""200"" width=""400"" height=""100"" fill=""url(#oceanGradient)""/><ellipse cx=""200"" cy=""200"" rx=""60"" ry=""20"" fill=""#FFD700"" opacity=""0.6""/><g fill=""#1A1A1A""><polygon points=""80,200 80,120 75,120 75,200""/><polygon points=""40,120 120,120 80,60""/><polygon points=""320,200 320,120 315,120 315,200""/><polygon points=""280,120 360,120 320,60""/></g><g stroke=""#FFFFFF"" stroke-width=""2"" fill=""none"" opacity=""0.5""><path d=""M0,220 Q50,210 100,220 T200,220 T300,220 T400,220""/><path d=""M0,240 Q50,230 100,240 T200,240 T300,240 T400,240""/></g></svg>"
97,"<svg xmlns=""http://www.w3.org/2000/svg"" viewBox=""0 0 256 256"" width=""256"" height=""256""><defs><linearGradient id=""circleGradient"" x1=""0%"" y1=""0%"" x2=""100%"" y2=""100%""><stop offset=""0%"" stop-color=""#ff0000""/><stop offset=""100%"" stop-color=""#cc0000""/></linearGradient><linearGradient id=""squareGradient"" x1=""0%"" y1=""0%"" x2=""100%"" y2=""100%""><stop offset=""0%"" stop-color=""#0000ff""/><stop offset=""100%"" stop-color=""#0000cc""/></linearGradient></defs><g transform=""translate(128, 128)""><circle cx=""0"" cy=""0"" r=""80"" fill=""url(#circleGradient)"" stroke=""#990000"" stroke-width=""4""/><rect x=""-50"" y=""-50"" width=""100"" height=""100"" fill=""url(#squareGradient)"" stroke=""#000099"" stroke-width=""4""/></g></svg>"
99,"<svg xmlns=""http://www.w3.org/2000/svg"" viewBox=""0 0 256 256"" width=""256"" height=""256""><defs><linearGradient id=""circleGradient"" x1=""0%"" y1=""0%"" x2=""100%"" y2=""100%""><stop offset=""0%"" stop-color=""#ff0000""/><stop offset=""100%"" stop-color=""#cc0000""/></linearGradient><linearGradient id=""squareGradient"" x1=""0%"" y1=""0%"" x2=""100%"" y2=""100%""><stop offset=""0%"" stop-color=""#0000ff""/><stop offset=""100%"" stop-color=""#0000cc""/></linearGradient></defs><circle cx=""128"" cy=""128"" r=""100"" fill=""url(#circleGradient)"" stroke=""#990000"" stroke-width=""4""/><rect x=""78"" y=""78"" width=""100"" height=""100"" fill=""url(#squareGradient)"" stroke=""#000099"" stroke-width=""3""/></svg>"
90,"<svg viewBox=""0 0 200 200"" width=""200"" height=""200""><defs><linearGradient id=""grad1"" x1=""0%"" y1=""0%"" x2=""100%"" y2=""100%""><stop offset=""0%"" stop-color=""#4b6cb7""/><stop offset=""100%"" stop-color=""#182848""/></linearGradient><radialGradient id=""grad2"" cx=""50%"" cy=""50%"" r=""50%"" fx=""50%"" fy=""50%""><stop offset=""0%"" stop-color=""#f5af19""/><stop offset=""100%"" stop-color=""#f12711""/></radialGradient></defs><rect width=""200"" height=""200"" fill=""url(#grad1)""/><g transform=""translate(100, 100)""><circle cx=""0"" cy=""0"" r=""40"" fill=""url(#grad2)"" opacity=""0.9""/><polygon points=""-30,-15 0,30 30,-15"" fill=""#ffffff"" stroke=""#182848"" stroke-width=""2""/><g transform=""rotate(45)""><rect x=""-50"" y=""-5"" width=""100"" height=""10"" fill=""#ffffff"" opacity=""0.7""/><rect x=""-5"" y=""-50"" width=""10"" height=""100"" fill=""#ffffff"" opacity=""0.7""/></g><ellipse cx=""0"" cy=""-70"" rx=""15"" ry=""8"" fill=""#f5af19"" opacity=""0.8""/><ellipse cx=""0"" cy=""70"" rx=""15"" ry=""8"" fill=""#f5af19"" opacity=""0.8""/><ellipse cx=""-70"" cy=""0"" rx=""8"" ry=""15"" fill=""#f5af19"" opacity=""0.8""/><ellipse cx=""70"" cy=""0"" rx=""8"" ry=""15"" fill=""#f5af19"" opacity=""0.8""/></g><line x1=""20"" y1=""20"" x2=""180"" y2=""180"" stroke=""#ffffff"" stroke-width=""1"" opacity=""0.3""/><line x1=""180"" y1=""20"" x2=""20"" y2=""180"" stroke=""#ffffff"" stroke-width=""1"" opacity=""0.3""/></svg>"
87,"<svg viewBox=""0 0 400 300"" width=""400"" height=""300""><defs><linearGradient id=""skyGradient"" x1=""0"" y1=""0"" x2=""0"" y2=""1""><stop offset=""0%"" stop-color=""#FF6B6B""/><stop offset=""30%"" stop-color=""#FF8E53""/><stop offset=""60%"" stop-color=""#FFB347""/><stop offset=""100%"" stop-color=""#4ECDC4""/></linearGradient><linearGradient id=""oceanGradient"" x1=""0"" y1=""0"" x2=""0"" y2=""1""><stop offset=""0%"" stop-color=""#4ECDC4""/><stop offset=""100%"" stop-color=""#1A7F8B""/></linearGradient></defs><rect x=""0"" y=""0"" width=""400"" height=""200"" fill=""url(#skyGradient)""/><circle cx=""200"" cy=""150"" r=""40"" fill=""#FFD166""/><rect x=""0"" y=""200"" width=""400"" height=""100"" fill=""url(#oceanGradient)""/><polygon points=""0,200 50,180 100,190 150,170 200,200 250,185 300,195 350,175 400,200 400,300 0,300"" fill=""#1A3A4A""/><g fill=""#0D2430""><rect x=""80"" y=""160"" width=""8"" height=""40"" fill=""#0D2430""/><polygon points=""60,160 88,160 74,130"" fill=""#0D2430""/><polygon points=""70,150 108,150 84,120"" fill=""#0D2430""/><polygon points=""80,140 98,140 88,110"" fill=""#0D2430""/><rect x=""320"" y=""150"" width=""8"" height=""50"" fill=""#0D2430""/><polygon points=""300,150 328,150 314,120"" fill=""#0D2430""/><polygon points=""310,140 348,140 324,110"" fill=""#0D2430""/><polygon points=""320,130 338,130 328,100"" fill=""#0D2430""/></g><ellipse cx=""200"" cy=""210"" rx=""50"" ry=""15"" fill=""#FFD166"" opacity=""0.4""/></svg>"
94,"<svg viewBox=""0 0 800 600"" width=""800"" height=""600""><defs><linearGradient id=""skyGradient"" x1=""0"" y1=""0"" x2=""0"" y2=""1""><stop offset=""0%"" stop-color=""#FF7F50""/><stop offset=""100%"" stop-color=""#FF4500""/></linearGradient><linearGradient id=""waterGradient"" x1=""0"" y1=""0"" x2=""0"" y2=""1""><stop offset=""0%"" stop-color=""#4682B4""/><stop offset=""100%"" stop-color=""#1E90FF""/></linearGradient></defs><rect x=""0"" y=""0"" width=""800"" height=""600"" fill=""url(#skyGradient)""/><circle cx=""700"" cy=""150"" r=""60"" fill=""#FFD700""/><polygon points=""0,300 200,100 400,250 600,50 800,300"" fill=""#2F4F4F"" opacity=""0.8""/><polygon points=""0,350 150,200 300,300 500,150 800,350"" fill=""#556B2F"" opacity=""0.8""/><ellipse cx=""400"" cy=""500"" rx=""350"" ry=""80"" fill=""url(#waterGradient)"" opacity=""0.7""/><ellipse cx=""700"" cy=""500"" rx=""40"" ry=""15"" fill=""#FFD700"" opacity=""0.6""/><polygon points=""0,600 0,500 800,500 800,600"" fill=""#228B22""/></svg>"
98,"<svg xmlns=""http://www.w3.org/2000/svg"" viewBox=""0 0 200 200"" width=""200"" height=""200""><defs><linearGradient id=""gradient1"" x1=""0%"" y1=""0%"" x2=""100%"" y2=""100%""><stop offset=""0%"" stop-color=""#ff7e5f""/><stop offset=""100%"" stop-color=""#feb47b""/></linearGradient><radialGradient id=""gradient2"" cx=""50%"" cy=""50%"" r=""50%"" fx=""50%"" fy=""50%""><stop offset=""0%"" stop-color=""#6a11cb""/><stop offset=""100%"" stop-color=""#2575fc""/></radialGradient></defs><rect x=""10"" y=""10"" width=""180"" height=""180"" rx=""20"" fill=""url(#gradient1)"" stroke=""#333"" stroke-width=""2""/><g transform=""translate(50, 50)""><circle cx=""50"" cy=""50"" r=""40"" fill=""url(#gradient2)"" stroke=""#333"" stroke-width=""1.5""/><polygon points=""50,20 70,50 50,80 30,50"" fill=""#f9f9f9"" stroke=""#333"" stroke-width=""1""/></g><line x1=""20"" y1=""20"" x2=""180"" y2=""180"" stroke=""#333"" stroke-width=""1"" stroke-dasharray=""5,5""/><line x1=""180"" y1=""20"" x2=""20"" y2=""180"" stroke=""#333"" stroke-width=""1"" stroke-dasharray=""5,5""/></svg>"
96,"<svg viewBox=""0 0 400 300"" width=""400"" height=""300""><defs><linearGradient id=""skyGradient"" x1=""0"" y1=""0"" x2=""0"" y2=""1""><stop offset=""0%"" stop-color=""#ff7e5f""/><stop offset=""50%"" stop-color=""#feb47b""/><stop offset=""100%"" stop-color=""#ffd89b""/></linearGradient><linearGradient id=""waterGradient"" x1=""0"" y1=""0"" x2=""0"" y2=""1""><stop offset=""0%"" stop-color=""#4b6cb7""/><stop offset=""100%"" stop-color=""#182848""/></linearGradient></defs><rect x=""0"" y=""0"" width=""400"" height=""150"" fill=""url(#skyGradient)""/><circle cx=""300"" cy=""50"" r=""30"" fill=""#ffde59""/><polygon points=""0,150 100,50 200,120 300,30 400,150"" fill=""#5a3d2b"" stroke=""#3a2719"" stroke-width=""2""/><rect x=""0"" y=""150"" width=""400"" height=""150"" fill=""url(#waterGradient)""/><polygon points=""0,150 100,250 200,180 300,270 400,150"" fill=""#5a3d2b"" opacity=""0.4""/><ellipse cx=""300"" cy=""150"" rx=""30"" ry=""10"" fill=""#ffde59"" opacity=""0.6""/><polygon points=""0,200 50,180 150,220 250,190 350,210 400,200 400,300 0,300"" fill=""#3a5a40""/></svg>"
95,"<svg viewBox=""0 0 800 600"" width=""800"" height=""600""><defs><linearGradient id=""skyGradient"" x1=""0"" y1=""0"" x2=""0"" y2=""1""><stop offset=""0%"" stop-color=""#FF7F50""/><stop offset=""100%"" stop-color=""#FF4500""/></linearGradient><linearGradient id=""waterGradient"" x1=""0"" y1=""0"" x2=""0"" y2=""1""><stop offset=""0%"" stop-color=""#4682B4""/><stop offset=""100%"" stop-color=""#1E90FF""/></linearGradient></defs><rect x=""0"" y=""0"" width=""800"" height=""600"" fill=""url(#skyGradient)""/><polygon points=""0,300 150,150 300,250 450,100 600,200 800,50 800,300"" fill=""#2F4F4F"" opacity=""0.8""/><polygon points=""0,350 100,200 250,300 400,150 550,250 700,100 800,200 800,350"" fill=""#556B2F"" opacity=""0.8""/><circle cx=""700"" cy=""150"" r=""50"" fill=""#FFD700""/><ellipse cx=""400"" cy=""550"" rx=""350"" ry=""100"" fill=""url(#waterGradient)"" opacity=""0.7""/><path d=""M650,500 Q700,550 750,500"" stroke=""#FFD700"" stroke-width=""3"" fill=""none"" opacity=""0.6""/><path d=""M600,520 Q700,550 800,520"" stroke=""#FFD700"" stroke-width=""2"" fill=""none"" opacity=""0.4""/><polygon points=""50,450 70,350 90,450"" fill=""#006400""/><polygon points=""100,500 120,400 140,500"" fill=""#006400""/><polygon points=""700,500 720,400 740,500"" fill=""#006400""/><polygon points=""750,450 770,350 790,450"" fill=""#006400""/></svg>"
100,"<svg viewBox=""0 0 800 600"" width=""800"" height=""600""><defs><linearGradient id=""skyGradient"" x1=""0"" y1=""0"" x2=""0"" y2=""1""><stop offset=""0%"" stop-color=""#ff7b5e""/><stop offset=""50%"" stop-color=""#ff4d8b""/><stop offset=""100%"" stop-color=""#3a1c71""/></linearGradient><linearGradient id=""waterGradient"" x1=""0"" y1=""0"" x2=""0"" y2=""1""><stop offset=""0%"" stop-color=""#3a1c71"" stop-opacity=""0.8""/><stop offset=""100%"" stop-color=""#1a1a2e"" stop-opacity=""0.9""/></linearGradient></defs><rect x=""0"" y=""0"" width=""800"" height=""600"" fill=""url(#skyGradient)""/><circle cx=""700"" cy=""150"" r=""60"" fill=""#ffcc00"" opacity=""0.9""/><polygon points=""0,300 200,100 400,250 600,50 800,300"" fill=""#2d3436"" opacity=""0.8""/><polygon points=""0,350 150,200 300,300 500,150 800,350"" fill=""#1e272e"" opacity=""0.9""/><polygon points=""0,400 100,300 250,350 400,250 550,325 700,275 800,400"" fill=""#0c2461"" opacity=""0.7""/><path d=""M0,400 Q200,350 400,400 Q600,450 800,400 L800,600 L0,600 Z"" fill=""url(#waterGradient)""/><ellipse cx=""700"" cy=""450"" rx=""80"" ry=""20"" fill=""#ffcc00"" opacity=""0.3""/><path d=""M200,450 Q250,400 300,450 Q350,500 200,450 Z"" fill=""#1e272e"" opacity=""0.8""/><path d=""M500,470 Q550,420 600,470 Q650,520 500,470 Z"" fill=""#1e272e"" opacity=""0.8""/></svg>"
