label,description
0,emerald green velvet curtains with gold tassels
1,emerald green velvet curtains with gold tassel tiebacks
2,emerald green velvet curtains with golden tassels
3,emerald velvet curtains with golden tassels
4,emerald green velvet curtains with gold tassel accents
5,"a crimson sunset reflected in a still, black lake"
6,a crimson sunset reflected in a still lake
7,a constellation of silver stars scattered across a midnight blue canvas
8,a constellation of silver stars scattered across a midnight canvas
9,a constellation of silver stars on a midnight blue canvas
10,a quilt of sapphire and amber hexagons
11,a quilt of sapphire and ivory hexagons
12,a mustard-yellow trench coat with leather buckles
13,a mustard yellow trench coat with leather accents
14,a deep indigo night sky dotted with twinkling stars
15,a deep indigo sky dotted with twinkling stars
16,a deep indigo sky dotted with twinkling constellations
17,a deep indigo sky dotted with shimmering constellations
18,a deep indigo sky dotted with shimmering stars
19,a deep indigo sky speckled with twinkling stars
20,"a deep indigo sky dotted with faint, twinkling stars"
21,a charcoal black leather jacket with quilted shoulders
22,a jet-black leather jacket with quilted shoulders
23,a crimson velvet armchair with brass studs
24,a crimson velvet armchair with brass nailhead trim
25,a labyrinth of indigo and violet spirals
26,a labyrinth of indigo and violet ribbons intertwined
27,a golden sunset casting long shadows over rolling sand dunes
28,a golden sunset casting long shadows over a desert dune
29,a midnight blue satin dress with silver embroidery
30,a midnight blue velvet dress with silver embroidery
31,a field of lavender under a pale pink sky
32,a field of lavender under a soft pink sky
33,a field of lavender under a pale pink twilight sky
34,a field of lavender under a pale pink dawn sky
35,a lavender field under a pale pink sky
36,a mosaic of ivory and jade tiles forming a spiral pattern
37,a mosaic of jade and ivory tiles forming a geometric pattern
38,emerald vines twisting around a stone archway
39,emerald vines twisting around a weathered stone arch
40,emerald vines curling around a weathered stone archway
41,a mosaic of amber and sapphire tiles forming a star pattern
42,a mosaic of sapphire and amber tiles forming a star pattern
43,a mosaic of sapphire and amber tiles forming a radiant star
44,a mosaic of sapphire and amber tiles forming a starry pattern
45,a jagged mountain range silhouetted against a fiery orange sunset
46,a jagged mountain range silhouetted against a fiery orange horizon
47,a crimson velvet armchair with ornate wooden legs
48,a crimson velvet armchair with intricate wooden carvings
49,a crimson velvet armchair with carved wooden legs
50,a vintage leather satchel with brass buckles and a worn patina
51,a vintage leather satchel with brass buckles and stitching
52,a vintage leather satchel with brass buckles
53,a vintage leather satchel with brass hardware and intricate stitching
54,a vintage leather satchel with brass hardware
55,a rustic wooden cabin surrounded by autumn foliage
56,a rustic wooden cabin surrounded by autumn leaves
57,a navy blue trench coat with brass buttons and a belted waist
58,a navy blue trench coat with brass buckles
59,a navy blue trench coat with brass buttons
60,a constellation of silver stars scattered across a midnight sky
61,a constellation of silver stars scattered across a midnight blue sky
62,a misty morning over a tranquil lake
63,"a misty morning over a tranquil, glassy lake"
64,a midnight blue cloak adorned with constellations of silver stars
65,a midnight blue cloak embroidered with silver stars
66,a midnight blue cloak embroidered with silver constellations
67,a midnight blue cloak lined with silver stars
68,a midnight blue cloak with silver star embellishments
69,a midnight blue cloak adorned with silver constellations
70,a midnight blue velvet cloak with silver star motifs
71,charcoal gray trousers with pleated detailing
72,a pair of charcoal gray wool trousers with pleated detailing
73,a field of sunflowers under a cloudless azure sky
74,a field of sunflowers under a cloudless sky
75,a field of sunflowers under a cloudless blue sky
76,a mosaic of sapphire and amber tiles forming a spiral pattern
77,a mosaic of amber and sapphire tiles forming a swirling pattern
78,a mosaic of amber and sapphire tiles forming a spiral pattern
79,a mosaic of sapphire and amber tiles forming a swirling pattern
80,a stormy sea with frothy white waves
81,a stormy sea with waves capped in frothy white
82,a navy blue velvet jacket with brass buttons and satin lapels
83,a navy blue velvet jacket with brass buttons
84,a quilt of indigo and ochre hexagons stitched together
85,a quilt of indigo and ivory hexagons
86,a quilt made of indigo and ivory hexagons
87,a quilt of ochre and indigo hexagons stitched together
88,a deep indigo scarf with golden geometric patterns
89,a deep indigo scarf with golden embroidery
90,"a meadow of wildflowers in shades of pink, yellow, and blue"
91,"a field of wildflowers in shades of pink, yellow, and blue"
92,olive green cargo pants with oversized pockets
93,a pair of olive green cargo pants with multiple pockets
94,a pair of olive green cargo pants with oversized patch pockets
95,a pair of olive green cargo pants with oversized pockets
96,olive green cargo pants with multiple zippered pockets
97,a pair of olive green cargo pants with multiple utility pockets
98,olive green cargo pants with multiple utility pockets
99,a pair of olive green cargo pants with oversized pockets and drawstring hems
100,a geometric pattern of indigo diamonds and ivory circles
101,a geometric pattern of ochre and indigo diamonds
102,a geometric pattern of indigo diamonds and golden circles
103,a geometric pattern of indigo and ochre diamonds
104,a mosaic of amber and jade tiles forming a floral pattern
105,a mosaic of sapphire and amber tiles forming a floral pattern
106,navy blue suede boots with brass buckles
107,a pair of navy blue suede boots with brass buckles
108,a swirling galaxy of turquoise and gold nebulae
109,a swirling galaxy of turquoise and silver stars
110,a midnight blue velvet dress with pearl accents
111,a midnight-blue velvet dress with a high slit and pearl accents
112,a midnight blue velvet dress with pearl embellishments
113,a geometric pattern of cobalt blue and ochre diamonds
114,a geometric pattern of ochre and slate blue diamonds
115,emerald green vines cascading down a moss-covered stone wall
116,emerald vines cascading down a moss-covered stone wall
117,a pair of rust-colored suede boots with brass buckles
118,a pair of rust-colored leather boots with brass buckles
119,a mosaic of amber and jade tiles forming a geometric pattern
120,a mosaic of amber and sapphire tiles forming a geometric pattern
121,a frost-covered meadow glistening in the morning light
122,a frost-covered meadow glistening in the early dawn
123,a frost-covered meadow glistening under the morning sun
124,a jade green teapot with intricate floral patterns
125,a jade green teapot with delicate floral engravings
126,a mosaic of sapphire and amber hexagons
127,a mosaic of emerald and sapphire hexagons
128,a mosaic of amber and sapphire hexagons
129,a pair of mustard yellow corduroy trousers with rolled cuffs
130,a pair of mustard yellow corduroy trousers with cuffed hems
131,charcoal gray trousers with pleated fronts and cuffed hems
132,charcoal gray trousers with pleated fronts and leather cuffs
133,charcoal gray wool trousers with pleated fronts and cuffed hems
134,charcoal gray trousers with pleated fronts and leather trim
135,charcoal gray wool trousers with pleated fronts
136,charcoal gray trousers with pleated fronts
137,charcoal pinstripe trousers with a satin waistband
138,charcoal pinstripe trousers with a satin finish
139,a forest of golden aspens in autumn
140,a forest of golden aspens in the autumn breeze
141,a pair of chocolate brown leather boots with brass eyelets
142,a pair of chocolate brown leather boots with brass buckles
143,a cluster of coral-colored spheres suspended in a glass orb
144,a cluster of coral spheres suspended in a glass orb
145,a cascade of lavender petals on a marble floor
146,a cascade of lavender petals falling onto a marble floor
147,a cluster of amber crystals glowing in the dark
148,a cluster of amber crystals glowing in dim light
149,a silver crescent moon hanging above jagged mountains
150,a silver crescent moon hanging above jagged mountain peaks
151,a silver crescent moon hanging above a jagged mountain range
152,a bronze sculpture of intertwined spirals
153,a bronze sculpture of intertwined spirals and arcs
154,a bronze sculpture of intertwined spirals and curves
155,a waterfall cascading into a pool of shimmering aquamarine
156,a stormy sea with waves crashing against jagged cliffs
157,a stormy sea crashing against jagged cliffs
158,a cluster of amber crystals glowing in a dark cavern
159,a cluster of amber crystals glowing in a dimly lit cave
160,a cluster of amber crystals glowing in a dark cave
161,a labyrinth of ivory arches under a pale blue sky
162,a desert landscape with dunes glowing under a full moon
163,a desert landscape with sand dunes glowing under a full moon
164,navy blue satin gloves with pearl buttons
165,navy blue satin gloves with pearl button details
166,a patchwork quilt of mustard yellow and forest green squares
167,a quilt of mustard yellow and forest green squares
168,a stormy sky with streaks of lightning illuminating the horizon
169,a stormy sky with jagged streaks of lightning illuminating the horizon
170,a stormy sky with streaks of lightning illuminating the clouds
171,a silver crescent moon hanging over a shadowy forest
172,a silver crescent moon hanging above a shadowy forest
173,a silver crescent moon hanging above a dark forest
174,a cluster of golden orbs suspended in a glass dome
175,a cluster of golden spheres suspended in a glass dome
176,a turquoise mosaic tile floor with golden accents
177,a turquoise mosaic tile floor with intricate golden patterns
178,a silver crescent moon hanging over a dark lake
179,a silver crescent moon hanging above a tranquil lake
180,a silver crescent moon hanging over a tranquil lake
181,a silver crescent moon hanging above a still lake
182,a pair of mustard yellow corduroy trousers
183,a pair of mustard yellow corduroy trousers with pleated fronts
184,a pair of mustard yellow corduroy trousers with tapered legs
185,a wooden cabin surrounded by towering pine trees
186,a rustic wooden cabin surrounded by towering pine trees
187,a wooden cabin nestled among towering pine trees
188,a rustic wooden cabin surrounded by towering pines
189,a cascade of ivory silk draped over a mahogany chair
190,a cascade of ivory silk draped over a wooden chair
191,navy blue velvet curtains with golden tassels
192,navy blue velvet curtains with gold tassels
193,a jagged mountain range silhouetted against a fiery sunset
194,navy blue pinstripe trousers with a tailored fit
195,navy blue pinstripe trousers with a slim fit
196,a quilt of ochre and indigo squares stitched with golden thread
197,a quilt of ochre and ivory squares stitched with golden thread
198,a cluster of ivory spheres on a slate gray surface
199,a navy blue blazer with brass buttons and a satin lapel
200,a navy blue blazer with gold buttons and satin lapels
201,a navy blue blazer with brass buttons and a satin lining
202,a navy blue blazer with brass buttons and satin lapels
203,a bronze sphere encased in a lattice of silver wire
204,a bronze sphere encased in a lattice of golden wires
205,a bronze sphere encased in a lattice of silver wires
206,a cobalt blue ceramic vase with intricate gold filigree
207,a cobalt blue vase adorned with golden filigree
208,a cobalt blue vase adorned with intricate gold filigree
209,a cobalt blue vase with intricate gold filigree
210,a frost-covered windowpane with delicate fern-like patterns
211,a pair of navy velvet gloves with embroidered silver stars
212,a pair of navy blue velvet gloves with embroidered silver stars
213,a deep plum blazer with satin piping and pearl buttons
214,a deep plum blazer with satin lapels and pearl buttons
215,a jade green vase with intricate silver filigree
216,a jade green vase with intricate gold filigree
217,a golden sunrise breaking through a misty forest
218,a golden sunrise breaking through a dense misty forest
219,a geometric pattern of ruby red and sapphire blue diamonds
220,a geometric pattern of ruby diamonds and sapphire circles
221,a black leather jacket with silver zippers and studs
222,a black leather jacket with silver zippers and quilted shoulders
223,a black leather jacket with silver zippers
224,a cluster of ruby spheres suspended in a glass orb
225,a cluster of ruby red spheres suspended in a glass orb
226,a coral reef teeming with vibrant marine life
227,a coral reef teeming with vibrant sea life
228,a coral reef teeming with vibrant aquatic life
229,a charcoal gray trench coat with a leather belt
230,a charcoal gray herringbone trench coat with a leather belt
231,a charcoal gray suit with pinstripes and a satin lapel
232,a quilt of scarlet and indigo diamonds
233,a quilt of scarlet and ivory diamonds
234,a turquoise ocean with waves crashing against jagged rocks
235,a turquoise ocean with waves crashing against jagged cliffs
236,a field of sunflowers stretching toward a cloudless sky
237,a field of sunflowers stretching toward a cloudless azure sky
238,a turquoise river winding through a dense forest
239,a turquoise river winding through a lush forest
240,a mosaic of turquoise and amber tiles forming a spiral pattern
241,a mosaic of turquoise and amber tiles arranged in a swirling pattern
242,a mosaic of turquoise and amber tiles forming a geometric pattern
243,a mosaic of turquoise and amber tiles forming a shimmering pattern
244,a mosaic of turquoise and amber tiles forming a swirling pattern
245,a mosaic floor of jade and onyx squares
246,a mosaic floor of jade and onyx tiles
247,a pair of olive green cargo pants with brass rivets
248,olive green cargo pants with brass rivets and multiple pockets
249,olive green cargo pants with brass rivets
250,a pair of olive green cargo pants with brass buttons
251,a mosaic of turquoise and amber hexagons
252,a mosaic of turquoise and amber hexagons arranged in a honeycomb pattern
253,a midnight blue scarf with silver embroidery along the edges
254,a midnight blue scarf with silver embroidery
255,a cascade of indigo ribbons flowing in a gentle breeze
256,a cascade of indigo ribbons flowing in the wind
257,a lavender field stretching endlessly under a pale blue sky
258,a lavender field stretching to the horizon under a pale blue sky
259,a misty forest with beams of sunlight piercing through the canopy
260,a crimson velvet blazer with satin lapels
261,emerald vines cascading down a stone wall
262,emerald vines cascading over a stone wall
263,a cerulean sky dotted with fluffy white clouds
264,a cerulean sky dotted with fluffy white cumulus clouds
265,a cobalt blue vase filled with sunflowers
266,a cobalt blue vase filled with golden sunflowers
267,a pair of mustard yellow corduroy overalls
268,a cluster of silver spheres suspended in midair
269,a series of cobalt blue arches framing a sunlit courtyard
270,a cluster of amber orbs suspended in a glass sphere
271,a cluster of amber spheres suspended in a glass orb
272,a twilight sky painted with streaks of magenta and indigo
273,a twilight sky painted with streaks of indigo and magenta
274,charcoal hexagonal tiles arranged in a honeycomb pattern
275,a deep plum satin blouse with ruffled sleeves
276,a lavender meadow dotted with silver wildflowers
277,a crystal-clear lake reflecting a canopy of pine trees
278,a crystal-clear lake reflecting towering pine trees
279,a crystal-clear lake reflecting the surrounding pine trees
280,a crimson velvet dress with a high slit and pearl buttons
281,a crimson velvet dress with a high slit and pearl embellishments
282,charcoal gray suede boots with brass buckles
283,charcoal gray leather boots with brass buckles
284,a golden sunrise breaking through a dense fog over a tranquil lake
285,a cluster of glowing orbs in shades of jade and amber floating in darkness
286,a quilted jacket in forest green with leather trim
287,a quilted jacket in forest green with leather accents
288,"a misty meadow at dawn, dotted with wildflowers"
289,a misty meadow dotted with wildflowers at dawn
290,a turquoise river winding through a desert canyon
291,a navy blue trench coat with a belted waist
292,a crimson rose blooming in a field of frost
293,a crimson rose blooming amidst a field of frost
294,a crimson velvet jacket with intricate gold embroidery
295,a crimson velvet jacket with gold embroidery
296,a crimson rose blooming amidst a field of thorns
297,a geometric sculpture of interlocking bronze and cobalt cubes
298,a geometric sculpture of interlocking bronze and cobalt blue cubes
299,a quilt of crimson and gold diamonds
300,a waterfall cascading into a pool of crystalline water
301,a golden sunrise casting long shadows over a misty meadow
302,a charcoal gray blazer with satin lapels and pearl buttons
303,a slate gray blazer with satin lapels and pearl buttons
304,a foggy morning over a cobblestone street
305,a foggy morning enveloping a cobblestone street
306,a turquoise ocean shimmering under a midday sun
307,navy velvet curtains with intricate gold embroidery
308,navy blue velvet curtains with intricate gold embroidery
309,a crimson leather jacket with asymmetrical zippers and studs
310,a crimson leather jacket with asymmetrical zippers and quilted panels
311,a pair of navy velvet gloves with pearl buttons
312,a pair of navy velvet gloves with pearl accents
313,a mosaic of sapphire and amber tiles forming a radiant sunburst
314,a mosaic of amber and sapphire tiles forming a radiant sunburst
315,a waterfall plunging into a misty emerald pool
316,a waterfall plunging into an emerald pool
317,a charcoal gray trench coat with a belted waist and deep pockets
318,a slate gray trench coat with a belted waist
319,a charcoal gray trench coat with a belted waist
320,a bronze sculpture of intertwined vines
321,a bronze sculpture of intertwined vines and leaves
322,a deep plum velvet armchair with polished wooden legs
323,a deep plum velvet armchair with ornate wooden legs
324,a labyrinth of ivory arches under a twilight sky
325,a cascade of silver icicles hanging from a stone arch
326,a bronze sundial surrounded by a ring of jade stones
327,a field of sunflowers stretching toward the horizon
328,a coral reef teeming with iridescent fish
329,a cascade of ivory ribbons flowing in the wind
330,a cascade of ivory silk ribbons flowing in the wind
331,a crimson sphere suspended in a web of silver threads
332,a crimson sphere suspended in a web of silver wires
333,a crimson sphere suspended in a web of silver filaments
334,a lavender meadow under a pale pink sky
335,a labyrinth of jade-green hedges under a cloudy sky
336,a cobblestone street lined with lanterns under a starry sky
337,a field of lavender under a soft pink twilight
338,a quilt of ochre and indigo squares
339,a quilt of indigo and ochre squares stitched together
340,a patchwork quilt of indigo and ochre squares
341,a frost-covered windowpane with intricate ice patterns
342,a shimmering aurora borealis dancing across a starry night sky
343,a shimmering aurora dancing across a starry night sky
344,a frost-covered pine tree standing alone in a white expanse
345,a frost-covered pine tree standing alone in a white field
346,a forest of towering pines under a blanket of fresh snow
347,a forest of towering pines under a blanket of snow
348,a waterfall cascading into a jade green pool
349,a stormy sea with frothy white waves crashing against jagged rocks
350,a cascade of ivory waterfalls surrounded by mossy rocks
351,a cluster of iridescent bubbles floating in midair
352,a cluster of iridescent bubbles floating in the air
353,a crimson leather jacket with quilted stitching
354,a black leather jacket with quilted stitching
355,a geometric pattern of indigo and ochre hexagons
356,a geometric pattern of indigo and silver hexagons
357,a deep plum satin dress with a high slit and delicate lace trim
358,a deep plum satin dress with a high slit
359,a deep plum satin dress with a high slit and pearl buttons
360,a deep plum satin dress with a high slit and pearl embellishments
361,a deep plum satin dress with a high slit and pearl accents
362,a forest of birch trees glowing under a full moon
363,a quilted jacket in shades of forest green and burnt orange
364,a crimson umbrella with a wooden handle
365,a crimson umbrella with a carved wooden handle
366,a crimson sunset reflected in a glassy lake
367,"a crimson sunset reflecting off a calm, glassy lake"
368,"a crimson sunset reflected in a still, glassy lake"
369,a crimson sunset reflecting on a glassy lake
370,a field of sunflowers stretching toward a blazing sun
371,a quilt of indigo and ivory diamonds
372,a quilt of indigo and silver diamonds
373,a quilt of indigo and ochre diamonds
374,a crimson velvet jacket with brass buttons
375,a crimson velvet jacket with brass buttons and quilted lining
376,a misty meadow dotted with wildflowers
377,a fiery orange sunset reflected in a glass skyscraper
378,a mosaic of amber and jade tiles forming a spiral
379,a mosaic of jade and amber tiles forming a spiral pattern
380,emerald vines curling around a weathered stone wall
381,emerald vines twisting around a weathered stone wall
382,a pair of rust-colored leather gloves with quilted stitching
383,a pair of rust-colored leather gloves with intricate stitching
384,a crimson sphere suspended in a web of golden filaments
385,a mosaic of jade and ivory hexagons
386,a row of pastel-colored cottages lining a cobblestone street
387,a mustard yellow knit sweater with cable stitching
388,a mustard yellow sweater with cable knit patterns
389,a mustard yellow sweater with cable-knit detailing
390,a mustard yellow sweater with cable knit detailing
391,a mustard yellow sweater with a cable-knit pattern
392,a mustard yellow wool sweater with a cable knit pattern
393,a lavender field stretching to the horizon under a pale pink sky
394,a field of lavender stretching to the horizon under a soft pink sky
395,a pair of mustard yellow leather gloves with stitched seams
396,a mosaic of turquoise and amber tiles
397,a field of sunflowers under a cerulean sky
398,a cascade of amber leaves falling in an autumn breeze
399,a cascade of amber leaves in an autumn breeze
400,a stormy sky streaked with jagged lightning bolts
401,a stormy sky streaked with bolts of lightning
402,a midnight blue sky streaked with shooting stars
403,a quilt of mustard yellow and olive green squares
404,a quilt of olive green and mustard yellow squares
405,a midnight blue velvet blazer with satin lapels
406,a row of terracotta pots filled with blooming geraniums
407,a mosaic of amber and ochre tiles forming a swirling pattern
408,a mosaic of amber and jade tiles forming a swirling pattern
409,a pair of mustard yellow corduroy trousers with leather patches
410,a forest of silver birch trees under a full moon
411,a forest of silver birches under a full moon
412,a desert landscape with dunes shaped by the wind
413,a row of pastel-colored townhouses under a soft pink sky
414,a fiery orange sunset reflected in a tranquil lake
415,a fiery orange sunset reflected in a calm lake
416,a cascade of golden leaves falling from a gnarled oak tree
417,a mosaic of amber and jade hexagons
418,a mosaic of amber and ochre hexagons
419,a mosaic of amber and ivory hexagons
420,a charcoal gray trench coat with a belted waist and brass buckles
421,a charcoal gray trench coat with brass buckles
422,a charcoal-gray trench coat with a belted waist and brass buckles
423,a cluster of golden spheres suspended in a glass orb
424,a pair of navy suede boots with intricate stitching
425,a pair of rust-colored corduroy overalls with leather straps
426,a pair of deep plum leather gloves with embroidered cuffs
427,a mosaic of cerulean and coral triangles
428,a fiery orange sunset reflecting on a glassy lake
429,a fiery orange sunset reflected in a glassy lake
430,a coral reef teeming with neon-colored fish
431,a crimson leather satchel with intricate stitching
432,a cascade of golden leaves in an autumn breeze
433,a cascade of golden leaves falling in an autumn breeze
434,a stone bridge arching over a bubbling creek
435,"a meadow of wildflowers in shades of peach, cream, and butter yellow"
436,a geometric pattern of indigo diamonds on a slate gray background
437,a crystal-clear stream winding through a mossy forest
438,a rolling meadow of wildflowers under a pastel pink sky
439,a cluster of ivory spheres suspended in midair
440,a cluster of ivory clouds drifting over a cerulean horizon
441,a tangle of silver and copper wires forming an abstract sculpture
442,a labyrinth of mirrored walls reflecting endless light
443,a geometric pattern of sapphire diamonds on a slate gray canvas
444,a sapphire dome surrounded by swirling silver mist
445,a cascade of indigo waterfalls tumbling into a shadowy gorge
446,a shimmering lake reflecting a crescent moon
447,a cascade of silver ribbons against a midnight backdrop
448,a cascade of amber light through a stained-glass window
449,a forest of silver birch trees under a pale blue sky
450,a geometric pattern of olive green and burnt orange
451,a cascade of silver waterfalls in a mossy canyon
452,a cluster of silver spheres suspended in a glass orb
453,a jagged mountain range bathed in moonlight
454,a golden sunrise breaking through a misty valley
455,a meadow of wildflowers under a cerulean sky
456,a bronze sculpture of intertwined serpents
457,a midnight blue blazer with satin lapels and mother-of-pearl buttons
458,a midnight blue blazer with satin lapels and pearl buttons
459,a slate gray notebook with embossed leather binding
460,a quilted jacket in olive green with leather accents
461,a jagged cliff face overlooking a stormy sea
462,crimson silk pajamas with delicate lace trim
463,a crimson sphere floating in a sea of midnight blue
464,"a lone willow tree bending over a still, reflective pond"
465,a row of terracotta pots filled with blooming succulents
466,a mosaic of turquoise and amber hexagons on a black background
467,a cascade of silver ribbons against a black backdrop
468,a cascade of silver ribbons flowing in the wind
469,a navy blue velvet jacket with intricate silver embroidery
470,a constellation of silver stars scattered across a black velvet sky
471,a pair of navy blue suede boots with silver buckles
472,a jagged mountain range under a pale pink sky
473,a foggy meadow dotted with wildflowers
474,a geometric pattern of ochre and slate gray parallelograms
475,a cluster of emerald green geodes glowing under soft light
476,a geometric sculpture of bronze and jade triangles intertwined
477,a weathered wooden dock stretching into a calm sea
478,a misty valley shrouded in pale lavender light
479,a sapphire ocean under a twilight sky streaked with orange
480,a fiery orange horizon melting into a twilight sky
481,a crimson velvet dress with intricate gold embroidery
482,a cluster of silver cubes arranged in a fractal pattern
483,a golden retriever running through a field of wildflowers
484,a misty morning over a tranquil lake surrounded by pine trees
485,a glowing orb of amber light floating in a dark void
486,a shimmering lake reflecting a sky full of cotton candy clouds
487,a desert landscape with dunes glowing under a setting sun
488,a frost-covered meadow under a pale pink dawn
489,a jagged obsidian cliff overlooking a frothy sea
490,a constellation of white dots scattered across a midnight blue canvas
491,a pair of chocolate brown suede boots with fringe details
492,a pair of chocolate brown suede boots with fringe detailing
493,a constellation of silver stars on a deep navy backdrop
494,a constellation of silver stars against a deep navy backdrop
495,a quilt of ochre and ivory squares
496,a mosaic of sapphire and amber tiles
497,a crystal chandelier refracting rainbow light
498,a crystal chandelier refracting rainbow hues
499,a crystal chandelier refracting light into rainbow hues
500,a crystal chandelier refracting light into a rainbow spectrum
501,a midnight blue satin dress with a cascading ruffled hem
502,a sandstone canyon bathed in golden light
503,a cascade of silver icicles hanging from a rocky overhang
504,a cobalt sphere suspended in a web of silver filaments
505,a cobalt blue river winding through emerald hills
506,a desert landscape with towering sandstone arches and a fiery sunset
507,a pair of rose gold earrings shaped like crescent moons
508,a shimmering lake reflecting a canopy of autumn leaves
509,a jade green river winding through a rocky canyon
510,navy blue wool trousers with pleated fronts
511,a spiral staircase of polished mahogany
512,a spiral staircase made of polished mahogany
513,a mosaic floor of sapphire and topaz tiles
514,a crimson and gold paisley pattern on a silk scarf
515,a quilted emerald green jacket with a high collar and gold zippers
516,a mosaic of sapphire and amber glass shards forming a swirling galaxy
517,a stormy sea with frothy white waves under a steel-gray sky
518,a lavender sky streaked with silver clouds
519,a cluster of indigo spheres floating in a glass orb
520,a cascade of golden leaves in an autumn forest
521,a waterfall cascading into a crystal-clear pool surrounded by mossy rocks
522,charcoal wool trousers with pleated detailing
523,a cascade of silver ribbons intertwined with golden threads
524,a crimson rose blooming in a field of silver grass
525,a geometric pattern of indigo diamonds on a cream background
526,a desert landscape with golden dunes and a lone cactus
527,a stormy sky with streaks of lightning illuminating rolling hills
528,emerald waves crashing against jagged cliffs
529,"a field of wildflowers in shades of violet, peach, and buttercup yellow"
530,a cascade of silver raindrops falling on a moss-covered stone
531,a deep plum velvet armchair with tufted upholstery
532,a pair of coral pink satin slippers with embroidered flowers
533,a black velvet dress with a plunging neckline
534,a tapestry of burnt orange and deep plum swirls
535,a tapestry of ochre and sienna threads depicting a mountain range
536,a field of sunflowers under a pale blue sky
537,charcoal gray clouds swirling above a stormy sea
538,a cluster of amethyst crystals glowing in dim light
539,a cluster of golden spheres suspended in midair
540,a quilt of lavender and mint green squares
541,a crimson velvet armchair with tufted upholstery
542,a crimson velvet armchair with tufted detailing
543,a navy blue blazer with brass buttons
544,a navy blue blazer with brass anchor buttons
545,olive green cargo pants with reinforced knees
546,a pair of olive green cargo pants with reinforced knees and utility loops
547,a pair of olive green cargo pants with reinforced knees
548,a pair of olive-green cargo pants with reinforced knee patches
549,a pair of mustard yellow suede boots with brass buckles
550,a swirling galaxy of turquoise and indigo hues
551,a field of sunflowers swaying in the breeze
552,a midnight blue velvet armchair with gold embroidery
553,a cascade of ruby red beads on a black velvet choker
554,a pair of mustard yellow corduroy overalls with brass buckles
555,charcoal geometric patterns on a cream-colored fabric
556,a coral reef teeming with vibrant orange and pink fish
557,a pair of olive green cargo shorts with multiple utility pockets
558,a pair of olive green cargo shorts with multiple pockets
559,a midnight sky dotted with shimmering constellations
560,a pair of chocolate brown leather boots with intricate stitching
561,a forest of towering redwoods bathed in soft morning light
562,a golden sunrise breaking through a dense pine forest
563,a teal ceramic vase with intricate geometric patterns
564,a cluster of golden spheres suspended in a translucent cube
565,a cluster of golden spheres suspended in a midnight blue void
566,a cluster of golden orbs suspended in a midnight blue void
567,a sapphire dome surrounded by shimmering silver stars
568,a collection of ruby red cubes arranged in a spiraling tower
569,a quilt of sapphire and ivory diamonds
570,a pair of mustard yellow suede boots with fringe detailing
571,a cluster of silver spheres suspended in a dark void
572,a geometric pattern of olive green and mustard yellow diamonds
573,navy blue linen trousers with white pinstripes
574,a forest of silver birch trees under a pale moon
575,a forest of silver birches under a pale moon
576,a mosaic of sapphire and amber hexagons on a black background
577,a crimson velvet armchair with gilded legs
578,a cluster of coral-colored spheres on a slate background
579,a crimson sunset casting long shadows over a desert
580,a crimson sunset casting long shadows over a desert dune
581,a crimson leather jacket with brass zippers and quilted shoulders
582,a crimson leather jacket with brass zippers
583,"a forest of silver birch trees reflecting in a still, dark lake"
584,a charcoal trench coat with a belted waist
585,a quilt of cerulean and ochre diamonds
586,a field of lavender swaying gently in the breeze
587,a series of cobalt blue arches framing a distant horizon
588,a mosaic of sapphire and jade tiles forming a swirling pattern
589,a cascade of golden leaves falling from an ancient oak
590,a cascade of golden leaves falling from an ancient oak tree
591,a field of sunflowers swaying in the breeze under a clear blue sky
592,a quilt of lavender and ivory squares stitched with golden thread
593,a forest of golden birch trees in autumn
594,a cascade of ivory pearls draped over a velvet stand
595,a terracotta vase adorned with intricate gold filigree
596,a misty meadow at dawn with dew-covered grass
597,a sapphire dome surrounded by shimmering silver filaments
598,a quilt of cerulean and ivory squares
599,a coral reef teeming with neon-colored fish and swaying seaweed
600,a golden sunset casting long shadows over a desert canyon
601,a cascade of emerald green ribbons flowing in the wind
602,a turquoise ocean wave crashing against jagged black rocks
603,a deep indigo sky fading into a gradient of soft lavender
604,a pair of mustard yellow corduroy overalls with oversized pockets
605,a crimson and gold tapestry depicting a mythical beast
606,a crimson and gold tapestry depicting a mythical creature
607,a mosaic of sapphire and amber tiles under soft light
608,a crimson sunset bleeding into a lavender horizon
609,a geometric pattern of ochre and slate rectangles
610,a crimson velvet armchair with gold embroidery
611,a mosaic of indigo and amber diamonds
612,emerald green velvet curtains with intricate gold embroidery
613,a twilight sky painted in shades of indigo and rose
614,a pair of tan suede boots with intricate stitching
615,a pair of mustard yellow suede gloves
616,a grove of birch trees glowing in the moonlight
617,a forest of birch trees glowing in the moonlight
618,a crimson velvet dress with pearl embellishments
619,a cobalt blue ceramic vase with intricate white filigree
620,"a crimson sunset reflected in a still, obsidian lake"
621,a midnight blue trench coat with a belted waist
622,a tapestry of crimson and gold threads depicting a phoenix
623,emerald green vines cascading over a stone wall
624,a tapestry of burnt orange and deep crimson leaves in autumn
625,charcoal geometric patterns on a cream-colored canvas
626,a meadow of goldenrod flowers under a clear blue sky
627,navy blue leather boots with brass buckles
628,a constellation of golden stars scattered across a deep green canvas
629,a deep indigo sky dotted with shimmering silver stars
630,a field of sunflowers under a bright blue sky
631,a cobalt blue vase adorned with silver filigree
632,a cobalt blue vase with intricate silver filigree
633,a mosaic of turquoise and coral hexagons
634,a stormy sea with waves crashing against jagged rocks
635,a geometric pattern of mustard yellow and slate gray diamonds
636,a spiral staircase made of polished copper
637,a teal leather jacket with quilted stitching
638,a pair of mustard yellow suede boots
639,a pair of olive green suede boots with brass buckles
640,a turquoise mosaic of interlocking hexagons
641,a constellation of silver stars on a deep indigo canvas
642,a navy blue blazer with gold anchor buttons
643,a cluster of silver spheres suspended in a glass dome
644,a cobalt blue river winding through a dense forest
645,a cobalt-blue river winding through a dense forest
646,a cascade of lavender petals against a slate backdrop
647,a quilt of olive and mustard hexagons stitched together
648,a geometric pattern of ruby red diamonds on a slate gray background
649,a quilt of sapphire and ivory diamonds stitched with silver thread
650,a twilight sky painted with streaks of coral and lavender
651,a row of terracotta pots lining a sunlit windowsill
652,a cascade of ivory silk drapes in a sunlit room
653,a labyrinth of ivory columns under a pale moonlight
654,a cluster of coral-colored seashells scattered on white sand
655,a collection of bronze hexagons arranged in a honeycomb pattern
656,a bronze sphere encased in a lattice of jade vines
657,a terracotta vase adorned with intricate black patterns
658,a cerulean waterfall plunging into a shadowy gorge
659,a fiery orange sunset over a desert canyon
660,a row of crimson poppies blooming along a stone wall
661,a pair of forest-green corduroy overalls with leather straps
662,a mosaic of burnt orange and deep plum hexagons
663,a cluster of lavender spheres floating in a misty void
664,a serene meadow dotted with wildflowers under a soft pink sunrise
665,a pair of chocolate brown corduroy trousers with leather patches
666,a cluster of goldenrod hexagons overlapping on a slate gray surface
667,a bronze octagon embedded with jade inlays
668,a desert landscape bathed in soft amber light
669,a deep plum velvet curtain with gold tassel tiebacks
670,a pair of olive green cargo shorts with brass rivets
671,a tapestry of indigo and silver spirals
672,a quilted satin jacket in deep plum with silver embroidery
673,a collection of ivory seashells arranged in a spiral
674,a frost-covered bridge arching over a frozen stream
675,a swirling galaxy of violet and silver hues in a cosmic painting
676,a pair of indigo gloves with intricate silver embroidery
677,a pearl-white vase adorned with golden filigree
678,a mosaic floor of ivory and onyx tiles in a checkerboard pattern
679,a sapphire dome surrounded by swirling white clouds
680,a pale pink silk blouse with ruffled sleeves
681,a fiery orange sphere suspended in a smoky gray void
682,a geometric sculpture of ruby and onyx cubes
683,a cluster of lavender spheres floating in a sea of midnight blue
684,a quilt of sapphire and emerald squares
685,a cascade of silver raindrops falling through a beam of sunlight
686,a forest of amber trees under a pale lavender sky
687,a cascade of lavender petals falling onto a stone pathway
688,a quilted navy blue jacket with a satin lining
689,a row of cherry blossoms lining a cobblestone path
690,charcoal-gray clouds swirling above a crimson horizon
691,a lavender field stretching to the horizon under a twilight sky
692,a shimmering lake reflecting a sky full of pink and orange clouds
693,a cluster of lavender spheres suspended in a golden web
694,a charcoal gray fedora with a burgundy ribbon
695,a sandy beach dotted with driftwood under a pale pink sky
696,a jagged mountain range silhouetted against a twilight sky
697,a cluster of goldenrod flowers swaying in a gentle breeze
698,a geometric pattern of cobalt and gold triangles
699,a tapestry of crimson and gold geometric patterns
700,a forest floor carpeted with golden leaves
701,a slate gray mountain range under a blanket of snow
702,a cluster of amber lanterns glowing softly in the twilight
703,a collection of indigo spheres arranged in a geometric pattern
704,a misty forest with towering pine trees under a pale moon
705,a patchwork of ochre and sienna rectangles
706,a crimson sunset over a desert dune
707,a sandy beach with waves crashing under a stormy sky
708,a mosaic of ruby and onyx shards
709,a pair of tan suede boots with fringe detailing
710,a pair of navy blue suede boots with intricate stitching
711,a sapphire sphere suspended in a web of silver filaments
712,a deep green velvet dress with a high neckline and pearl buttons
713,a tapestry of ochre and sienna swirls
714,a canopy of crimson leaves filtering sunlight in an autumn forest
715,a cascade of sapphire droplets frozen in mid-air
716,a midnight black trench coat with a high collar and silver buttons
717,a rust-colored canyon under a blazing sun
718,a cascade of icy waterfalls surrounded by evergreen trees
719,a cluster of emerald green spheres suspended in a glass orb
720,a cluster of goldenrod spheres floating in a glass jar
721,a cascade of silver and gold ribbons spiraling downward
722,charcoal gray herringbone trousers with leather suspenders
723,a patchwork quilt of pastel hexagons
724,a forest of birch trees glowing in the soft light of dusk
725,a series of jade green arches framing a cobblestone path
726,charcoal gray clouds swirling above a misty valley
727,a mosaic of amber and ochre hexagons on a charcoal background
728,a turquoise ocean dotted with white sailboats
729,a crystal chandelier casting rainbow prisms on the walls
730,a mosaic of jade and gold leaves on a ceramic vase
731,a labyrinth of jade and ivory spirals
732,a patchwork quilt of earthy tones and floral motifs
733,a fiery orange sphere suspended in a sea of midnight blue
734,a scarlet wool scarf with fringe ends
735,a bronze octagon encased in a lattice of shimmering threads
736,a constellation of glowing white orbs in a midnight sky
737,a serene pond surrounded by vibrant green reeds
738,a cluster of golden orbs floating in a sea of black
739,a geometric pattern of slate gray and burnt orange diamonds
740,a tranquil lake reflecting a sky painted with streaks of pink and lavender
741,a cluster of ruby red spheres suspended in midair
742,a weathered wooden dock extending into a shimmering lake
743,a cobblestone street lined with lanterns glowing softly
744,a shimmering pearl necklace draped over a velvet cushion
745,a row of crimson poppies swaying in a gentle breeze
746,a pair of indigo denim overalls with embroidered floral details
747,a labyrinth of ivory pathways surrounded by towering hedges
748,a pair of cobalt blue sneakers with white laces
749,a row of crimson lanterns illuminating a cobblestone street
750,a mosaic of ruby and onyx shards forming a fractured star
751,a mosaic of turquoise and amber tiles forming a flowing river pattern
752,a cascade of indigo ribbons against a midnight backdrop
753,a patchwork of olive and taupe fabric
754,a shimmering waterfall surrounded by moss-covered rocks
755,a turquoise river winding through a lush green valley
756,a series of overlapping indigo circles on a matte black background
757,a collection of pastel-colored spheres arranged in a gradient
758,a field of lavender stretching to the horizon under a pale moon
759,a geometric sculpture of cobalt blue and copper triangles
760,a shimmering silver ribbon twisting through a black void
761,a constellation of silver stars scattered across a deep violet canvas
762,a misty morning in a dense pine forest
763,a constellation of golden stars scattered across a navy backdrop
764,a sunset sky painted in shades of tangerine and rose
765,"a field of lavender under a soft, overcast sky"
766,a cobalt blue river winding through a lush green valley
767,a crimson spiral staircase ascending into darkness
768,a midnight blue velvet dress with a plunging neckline
769,a series of overlapping sapphire diamonds on a matte black background
770,a cluster of sapphire spheres floating in a glass orb
771,a serene meadow dotted with wildflowers under a soft blue sky
772,"a city skyline at twilight, illuminated by glowing windows"
773,a quilt of sapphire and ivory squares
774,a cluster of golden spheres suspended in a black void
775,a turquoise mosaic shimmering under the midday sun
776,a jade-green dome surrounded by spiraling ivory columns
777,a velvet cloak embroidered with silver constellations
778,a meadow of wildflowers swaying in a gentle breeze
779,a pair of mustard yellow suede boots with chunky wooden heels
780,a stormy sky with streaks of lightning illuminating a rocky coastline
781,a pair of sapphire earrings shaped like teardrops
782,a forest of amber trees glowing under a harvest moon
783,a tapestry of scarlet and ebony threads depicting a phoenix
784,a turquoise river winding through emerald hills
785,a lavender meadow dotted with wildflowers at dawn
786,a quilted jacket in deep navy with brass zippers
787,a peach-colored silk blouse with ruffled sleeves
788,a crimson wool beret with a subtle herringbone texture
789,a quilt of lavender and cream squares
790,a jagged mountain range under a stormy gray sky
791,a silver sphere encased in a lattice of black wire
792,a teal silk blouse with delicate pearl buttons
793,a cluster of emerald hexagons floating on a black background
794,a sapphire dome shimmering under a full moon
795,a sapphire-blue scarf with delicate silver stitching
796,a cluster of coral-colored spheres suspended in midair
797,a rugged coastline with waves crashing against jagged rocks
798,a quilt of olive green and burnt orange squares
799,a mosaic of jade and topaz triangles
800,a patchwork quilt of mustard yellow and deep plum squares
801,a quilted jacket in shades of mustard yellow and burnt orange
802,a constellation of silver stars scattered across a deep indigo sky
803,a cluster of ivory spheres suspended in a glass orb
804,a cascade of lavender wisteria framing a stone archway
805,a turquoise river winding through a dense jungle
806,a quilt of burgundy and mustard squares stitched with gold thread
807,a row of crimson lanterns glowing softly in a cobblestone alley
808,a sandy beach under a pale pink twilight sky
809,a lone oak tree standing in a field of golden wheat
810,a rust-colored canyon with towering rock formations
811,a sandstone canyon bathed in twilight hues
812,a geometric pattern of maroon and gold diamonds
813,a desert landscape with towering sand dunes
814,a desert landscape with towering sandstone cliffs
815,a quilted satin robe in deep plum with silver piping along the edges
816,a midnight blue velvet sofa with tufted cushions
817,"a towering waterfall surrounded by lush, verdant foliage"
818,a cluster of golden orbs floating in a sea of midnight blue
819,a crimson sunset reflected in a glass skyscraper
820,a tapestry of ruby and emerald threads woven into a floral design
821,a pair of deep plum corduroy overalls with leather straps
822,a labyrinth of cobalt blue arches and golden domes
823,a deep plum satin dress with a cascading ruffled hem
824,a shimmering curtain of iridescent beads catching the light
825,a coral reef teeming with vibrant orange and purple sea life
826,a fiery orange scarf with delicate gold threading
827,a geometric sculpture of onyx and rose quartz
828,a ruby-red sphere embedded in a web of obsidian strands
829,a terracotta vase adorned with intricate geometric patterns
830,a sapphire-blue sky dotted with fluffy white clouds
831,a crystal-clear lake reflecting towering snow-capped mountains
832,a pair of ivory silk slippers with pearl embellishments
833,a field of lavender under a twilight sky streaked with pink clouds
834,a terracotta pot filled with blooming scarlet geraniums
835,a crimson sphere suspended in a web of black threads
836,a cascade of amber and ruby crystals
837,a misty meadow under a pale pink dawn
838,a cluster of ivory clouds drifting over a mountain range
839,a jade green vase with intricate ivory carvings
840,a cluster of emerald green spheres suspended in midair
841,a sapphire blue silk blouse with pearl buttons
842,a cascade of indigo waterfalls plunging into a hidden grotto
843,a bronze sculpture of intertwined figures
844,a sandy beach with waves lapping gently under a pale blue sky
845,a quilted jacket in shades of olive and rust
846,a cascade of silver ribbons falling from a black void
847,a black leather satchel with silver studs
848,a foggy forest path lined with moss-covered stones
849,a cascade of rose petals falling onto a marble floor
850,a cascade of ivory petals falling from a blooming tree
851,a desert landscape with dunes of ochre and burnt sienna
852,a cascade of emerald leaves against a stormy sky
853,a geometric pattern of scarlet diamonds and cobalt circles
854,a tapestry of scarlet and ebony swirls
855,a coral reef teeming with vibrant fish and sea anemones
856,a constellation of silver stars scattered across a deep purple sky
857,a swirling vortex of amber and cobalt spirals
858,a pale pink silk dress with a ruffled hem
859,a cascade of icy blue waterfalls in a rocky canyon
860,a labyrinth of golden threads weaving through a black canvas
861,a wooden bridge arching over a bubbling creek
862,a beige trench coat with a belted waist
863,a cascading waterfall surrounded by lush greenery
864,a sandy beach with waves edged in frothy white
865,a silver sphere encased in a web of glowing blue filaments
866,a lavender silk dress with pearl embellishments
867,a cluster of iridescent bubbles floating in a dark void
868,a cascade of lavender petals falling from a blooming tree
869,a cobalt blue vase adorned with swirling white patterns
870,a cobalt blue ceramic vase with swirling white patterns
871,a twilight sky painted with streaks of violet and gold
872,a mosaic of jade and ivory triangles forming a tessellated pattern
873,a geometric pattern of navy and ivory diamonds on a woolen blanket
874,a row of pastel-colored townhouses under a soft gray sky
875,a mosaic of indigo and silver tiles forming a starry pattern
876,a fiery orange sphere suspended in a midnight sky
877,a set of copper spheres arranged in a spiral formation
878,a burgundy leather satchel with brass buckles
879,a cascade of golden leaves falling onto a cobblestone path
880,a cascade of ivory roses against a mossy stone wall
881,a navy blue blazer with white pinstripes and gold buttons
882,a geometric pattern of ochre diamonds and navy stripes
883,a scarlet silk blouse with ruffled sleeves
884,a quilted jacket in forest green with bronze zippers
885,a chandelier of crystal and gold dripping with light
886,a cascade of amber leaves in an autumn forest
887,a row of crimson poppies swaying in a meadow
888,a midnight blue scarf with shimmering silver stars
889,a weathered stone tower standing alone on a grassy hill
890,a quilt of ochre squares and cerulean triangles
891,a geometric arrangement of navy and mustard hexagons
892,a deep maroon leather satchel with antique brass buckles
893,a desert landscape with dunes of burnt orange
894,a golden sunrise breaking through a dense fog
895,a forest of golden birch trees glowing in the autumn light
896,a dusty rose blouse with ruffled sleeves and pearl buttons
897,a twilight sky painted in shades of lilac and rose
898,a golden sunrise reflecting off a tranquil lake
899,a midnight blue velvet curtain adorned with golden tassels
900,a foggy morning over a tranquil lake
901,a bronze sundial surrounded by wildflowers
902,a jagged obsidian cliff overlooking a sapphire sea
903,a labyrinth of ivory pathways surrounded by lush greenery
904,a stormy sea with waves crashing against a rocky shore
905,a sandy beach with waves lapping under a peach-colored horizon
906,a deep plum velvet curtain with tasseled edges
907,a serene meadow dotted with daisies under a pale blue sky
908,a forest of golden aspens glowing in the autumn light
909,a golden sunset reflecting on a tranquil lake
910,a tapestry of jade and ivory spirals
911,a mosaic of indigo and silver hexagons on a black background
912,a patchwork quilt of sapphire and ochre squares
913,a patchwork of olive green and burnt orange squares
914,a cascade of sapphire droplets on a mirrored surface
915,a geometric pattern of ochre and slate hexagons
916,a frost-covered forest under a pale blue moon
917,a deep maroon leather jacket with intricate stitching
918,mustard yellow corduroy jacket with leather elbow patches
919,a quilt of burgundy and ivory hexagons
920,a cluster of obsidian cubes arranged in a spiral formation
921,a mosaic of jade and onyx forming a starry night scene
922,a mosaic of indigo and amber hexagons
923,a series of overlapping sapphire circles on a matte black background
924,a pair of navy blue suede boots with white stitching
925,a sapphire-blue peacock feather resting on a marble surface
926,a pair of mustard yellow corduroy overalls with leather straps
927,a stormy gray ocean with frothy white waves
928,a deep indigo night sky illuminated by a crescent moon
929,a quilt of lavender and ivory diamonds
930,a row of terracotta pots overflowing with blooming flowers
931,a mosaic of sapphire and ruby shards forming a radiant sunburst
932,a midnight-blue velvet dress with silver sequins
933,a bronze octagon framed by swirling indigo patterns
934,a waterfall cascading into a crystal-clear emerald pool
935,a mustard yellow trench coat with a belted waist
936,a constellation of silver stars against a navy blue backdrop
937,navy blue corduroy blazer with brass buttons
938,a pair of cobalt blue gloves with intricate embroidery
939,a leather-bound journal with a brass clasp and embossed cover
940,a lavender meadow under a twilight sky
941,a scarlet ribbon tied in an intricate bow
942,a scarlet ribbon tied in an elaborate bow
943,a tapestry of deep red and gold threads depicting a phoenix in flight
944,a mosaic of ruby and topaz shards forming a star
945,a cerulean waterfall cascading into a crystal-clear pool
946,a shimmering aurora dancing above a frozen tundra
947,a cerulean sky streaked with wispy white clouds
948,a deep plum velvet armchair with intricate embroidery
949,a cluster of obsidian obelisks rising from a sandy desert
950,a cascade of sapphire droplets on a glass surface
951,a pair of cobalt blue leather gloves with quilted stitching
952,a mosaic of amber and jade hexagons on a slate background
953,a silver crescent moon hanging over a shadowy valley
954,a stack of teal and coral cylinders arranged asymmetrically
955,a serene lake reflecting the colors of autumn foliage
956,a tapestry of scarlet and ebony diamonds interlocking seamlessly
957,a cascade of silver icicles hanging from a frozen cliff
958,a turquoise mosaic of irregular polygons
959,a bronze sphere encased in a web of silver filaments
960,a sprawling desert landscape under a blazing orange sun
961,a fiery orange sky above a jagged mountain range
962,a constellation of white diamonds on a midnight blue canvas
963,a sapphire ocean under a twilight sky
964,a turquoise river winding through a sunlit canyon
965,a black leather jacket with intricate silver stitching
966,a ruby-red umbrella with a polished wooden handle
967,a foggy forest with beams of sunlight piercing through the canopy
968,a cluster of glowing orbs suspended in a midnight blue void
969,a frost-covered meadow under a pale blue sky
970,a vintage brass telescope pointed at a starry sky
971,a crimson spiral staircase winding through a dimly lit atrium
972,a desert landscape with dunes glowing under a twilight sky
973,a tapestry of olive and mustard geometric patterns
974,a patchwork quilt of olive green and burnt sienna squares
975,a cascade of water flowing over moss-covered stones
976,a pair of chocolate brown leather gloves with quilted stitching
977,a field of lavender swaying in the evening breeze
978,a rustic wooden cabin surrounded by fiery autumn leaves
979,a pair of deep plum corduroy trousers with tapered legs
980,a foggy marshland illuminated by the soft glow of fireflies
981,a grove of birch trees with peeling white bark and golden leaves
982,a tapestry of violet and jade spirals
983,a geometric arrangement of scarlet diamonds on a black background
984,a field of lavender under a pale blue sky
985,a misty mountain range at dawn
986,a row of terracotta pots filled with vibrant red geraniums
987,olive green cargo pants with oversized pockets and drawstring hems
988,a jagged obsidian cliff overlooking a misty valley
989,a forest of towering pines under a pale moonlight
990,a geometric pattern of ochre diamonds and slate gray circles
991,a silver crescent moon hanging over a shadowy canyon
992,a series of overlapping cerulean circles on a matte black background
993,"a turquoise river winding through a dense, emerald forest"
994,a turquoise river winding through a dense emerald forest
995,a deep plum satin dress with a plunging neckline
996,a mustard yellow cardigan with wooden toggle buttons
997,a fiery orange horizon meeting the deep indigo sea
998,a field of sunflowers swaying under a cerulean sky
999,a pair of cream-colored linen trousers with a drawstring waist
1000,a cluster of opalescent orbs floating in midair
1001,a cascade of silver stars falling into an endless void
1002,a mosaic of sapphire and silver tiles forming a starry pattern
1003,a vintage map framed in a weathered oak border
1004,a midnight blue cloak with a starry pattern
1005,a mosaic of sapphire and amber hexagons on a polished slate surface
1006,a deep plum velvet curtain with gold embroidery
1007,a cascade of golden leaves falling in a gentle breeze
1008,a pair of mustard-yellow suede boots with chunky soles
1009,a swirling vortex of indigo and lavender ribbons
1010,a quilt of sapphire and ivory squares stitched with golden thread
1011,a patchwork of mustard yellow and forest green rectangles
1012,a cobblestone street lined with lanterns
1013,a row of crimson lanterns glowing in the twilight
1014,navy blue velvet curtains with intricate silver embroidery
1015,a jagged obsidian cliff overlooking a sapphire lake
1016,a pair of cobalt blue suede boots with silver buckles
1017,a frost-covered meadow under a pale winter sky
1018,a cascade of icy waterfalls in a rocky gorge
1019,a jade sphere suspended in a web of golden wires
1020,a mosaic of sapphire and silver tiles forming a swirling pattern
1021,a cluster of silver spheres suspended in a midnight blue void
1022,a deep plum trench coat with a belted waist
1023,a cascade of silver stars falling through a midnight sky
1024,a field of sunflowers under a blazing sun
1025,a stone bridge arching over a crystal-clear stream
1026,a navy blue wool blazer with satin lapels
1027,a cascade of lavender petals falling in a gentle breeze
1028,a labyrinth of ivory arches under a pale blue dome
1029,a forest of golden birch trees under a pale blue sky
1030,a constellation of silver triangles on a deep indigo canvas
1031,a turquoise ocean with frothy white waves
1032,a weathered wooden dock stretching into a calm lake
1033,a bronze sculpture of intertwined spirals rising from a marble base
1034,a navy blue blazer with gold pinstripes
1035,a sandy beach with waves lapping at the shore
1036,a quilt of ochre and ivory diamonds
1037,a rugged mountain range cloaked in a blanket of fresh snow
1038,a geometric pattern of scarlet and navy diamonds
1039,a sandstone canyon glowing under the midday sun
1040,a lavender field stretching to the horizon under a soft blue sky
1041,a cluster of golden orbs floating in a deep indigo void
1042,a midnight blue satin dress with a plunging neckline
1043,a fiery sunset casting long shadows over a desert dune
1044,a black leather satchel with intricate stitching
1045,a quilted jacket in shades of mustard and rust
1046,a jagged obsidian cliff overlooking a stormy sea
1047,a pair of taupe suede loafers with tassel accents
1048,a lavender meadow dotted with wildflowers under a pale pink sky
1049,a tranquil lake reflecting a canopy of autumn leaves
1050,a twilight sky painted with streaks of violet and indigo
1051,a quilt of ochre and slate blue squares
1052,a geometric sculpture of interlocking bronze and jade shapes
1053,a dusty rose chiffon dress with pearl embellishments
1054,a grove of birch trees bathed in moonlight
1055,a field of lavender under a twilight sky
